top_level_category,subcategory,product_name,image_url,product_url,price
groceries,super-savers,"Berg Chicken Breast with Semi-dried Tomato, Parmesan and Spring Onion per kg",https://www.aldi.com.au/fileadmin/_processed_/e/c/csm_W45_SUPER_SAVERS_MEAT_1x1__7270a6eaf1.jpg,https://www.aldi.com.au/en/groceries/super-savers/super-savers-detail/ps/p/berg-chicken-breast-with-semi-dried-tomato-parmesa/,$17.99
groceries,super-savers,KRC Cantonese Style Pork Shoulder per kg,https://www.aldi.com.au/fileadmin/_processed_/8/3/csm_W45_SUPER_SAVERS_MEAT_1x1_2_5969fed700.jpg,https://www.aldi.com.au/en/groceries/super-savers/super-savers-detail/ps/p/krc-cantonese-style-pork-shoulder-per-kg-7/,$12.99
groceries,super-savers,Farm Foods Pork & Beef Cheesy Brats 450g,https://www.aldi.com.au/fileadmin/_processed_/6/8/csm_W45_SUPER_SAVERS_MEAT_1x1_3_9d65dbc875.jpg,https://www.aldi.com.au/en/groceries/super-savers/super-savers-detail/ps/p/farm-foods-pork-beef-cheesy-brats-450g/,$6.99
groceries,super-savers,The Fishmonger New Zealand Sourdough Crumbed Hoki Fillets 300g,https://www.aldi.com.au/fileadmin/_processed_/c/e/csm_W45_SUPER_SAVERS_MEAT_1x1_4_3fe19072c1.jpg,https://www.aldi.com.au/en/groceries/super-savers/super-savers-detail/ps/p/the-fishmonger-new-zealand-sourdough-crumbed-hoki/,$6.99
groceries,super-savers,Broad Oak Farms Chicken Breast Fillets Bulk Value Pack per kg,https://www.aldi.com.au/fileadmin/_processed_/1/6/csm_W45_SUPER_SAVERS_MEAT_1x1_5_24d21c19e9.jpg,https://www.aldi.com.au/en/groceries/super-savers/super-savers-detail/ps/p/broad-oak-farms-chicken-breast-fillets-bulk-value-3/,$7.99
groceries,super-savers,Broad Oak Farms Chicken & Cheese Schnitzel 1kg,https://www.aldi.com.au/fileadmin/_processed_/d/5/csm_ALN3612_1x1_SSV-OCT-B4_228x128__b9b5cb3b4b.jpg,https://www.aldi.com.au/en/groceries/super-savers/super-savers-detail/ps/p/broad-oak-farms-chicken-cheese-schnitzel-1kg/,$6.99
groceries,super-savers,Ironbark Pork Belly per kg,https://www.aldi.com.au/fileadmin/_processed_/3/e/csm_ALN3612_1x1_SSV-OCT-B4_228x128_2_e8b4e4d0aa.jpg,https://www.aldi.com.au/en/groceries/super-savers/super-savers-detail/ps/p/ironbark-pork-belly-per-kg-4/,$2$11.
groceries,super-savers,Brooklea Strawberry Yogurt Squishy Super Size 150g,https://www.aldi.com.au/fileadmin/_processed_/7/d/csm_ALN3662_1x1_SSV-NOV-B1_228x628__171f753822.jpg,https://www.aldi.com.au/en/groceries/super-savers/super-savers-detail/ps/p/brooklea-strawberry-yogurt-squishy-super-size-150g/,99$2
groceries,super-savers,Brooklea Vanilla Yogurt Squishy Super Size 150g,https://www.aldi.com.au/fileadmin/_processed_/3/f/csm_ALN3662_1x1_SSV-NOV-B1_228x628_2_f9b4862ff5.jpg,https://www.aldi.com.au/en/groceries/super-savers/super-savers-detail/ps/p/brooklea-vanilla-yogurt-squishy-super-size-150g/,99c
groceries,super-savers,Brooklea Blueberry Yogurt Squishy Super Size 150g,https://www.aldi.com.au/fileadmin/_processed_/1/f/csm_ALN3662_1x1_SSV-NOV-B1_228x628_3_746474e66d.jpg,https://www.aldi.com.au/en/groceries/super-savers/super-savers-detail/ps/p/brooklea-blueberry-yogurt-squishy-super-size-150g/,20c
groceries,super-savers,Yopro Vanilla Yogurt Pouch 150g,https://www.aldi.com.au/fileadmin/_processed_/b/b/csm_ALN3662_1x1_SSV-NOV-B1_228x628_4_a544d01c82.jpg,https://www.aldi.com.au/en/groceries/super-savers/super-savers-detail/ps/p/yopro-vanilla-yogurt-pouch-150g/,99c
groceries,super-savers,Yopro Mango Yogurt Pouch 150g,https://www.aldi.com.au/fileadmin/_processed_/1/4/csm_ALN3662_1x1_SSV-NOV-B1_228x628_5_934b6191a4.jpg,https://www.aldi.com.au/en/groceries/super-savers/super-savers-detail/ps/p/yopro-mango-yogurt-pouch-150g/,20c
groceries,super-savers,Monarch Indulge Gourmet Ice Cream Cookies 4pk/560ml – Assorted Flavours,https://www.aldi.com.au/fileadmin/_processed_/1/8/csm_ALN3662_1x1_SSV-NOV-B1_228x628_6_d8ae197a7b.jpg,https://www.aldi.com.au/en/groceries/super-savers/super-savers-detail/ps/p/monarch-indulge-gourmet-ice-cream-cookies-4pk560ml/,99c
groceries,super-savers,Indulge Gourmet Ice Cream 1L – Vanilla Bean,https://www.aldi.com.au/fileadmin/_processed_/d/b/csm_ALN3662_1x1_SSV-NOV-B1_228x628_7_2027d400c9.jpg,https://www.aldi.com.au/en/groceries/super-savers/super-savers-detail/ps/p/indulge-gourmet-ice-cream-1l-vanilla-bean/,20c
groceries,super-savers,"Indulge Gourmet Ice Cream 1L – Coffee Mocha, Belgian Chocolate or White Choc Raspberry",https://www.aldi.com.au/fileadmin/_processed_/e/6/csm_ALN3662_1x1_SSV-NOV-B1_228x628_8_c8d254514d.jpg,https://www.aldi.com.au/en/groceries/super-savers/super-savers-detail/ps/p/indulge-gourmet-ice-cream-1l-coffee-mocha-belgian/,$1.49
groceries,super-savers,Indulge Gourmet Ice Cream 1L – Cookies & Cream,https://www.aldi.com.au/fileadmin/_processed_/5/3/csm_ALN3662_1x1_SSV-NOV-B1_228x628_9_56a88ea20f.jpg,https://www.aldi.com.au/en/groceries/super-savers/super-savers-detail/ps/p/indulge-gourmet-ice-cream-1l-cookies-cream/,30c
groceries,super-savers,Streets Family Classic Value Pack 20pk/1.75L,https://www.aldi.com.au/fileadmin/_processed_/a/4/csm_ALN3662_1x1_SSV-NOV-B1_228x628_10_e0484f86eb.jpg,https://www.aldi.com.au/en/groceries/super-savers/super-savers-detail/ps/p/streets-family-classic-value-pack-20pk175l/,$1.49
groceries,super-savers,Milfina Summer Delight 6pk/540ml – Caramel,https://www.aldi.com.au/fileadmin/_processed_/3/7/csm_ALN3662_1x1_SSV-NOV-B1_228x628_11_e6de4aae73.jpg,https://www.aldi.com.au/en/groceries/super-savers/super-savers-detail/ps/p/milfina-summer-delight-6pk540ml-caramel/,30c
groceries,super-savers,Emporium Selection Persian Fetta 180g,https://www.aldi.com.au/fileadmin/_processed_/1/5/csm_ALN3662_1x1_SSV-NOV-B1_228x628_12_9162bd29f3.jpg,https://www.aldi.com.au/en/groceries/super-savers/super-savers-detail/ps/p/emporium-selection-persian-fetta-180g-1/,$3.49
groceries,super-savers,Snackers Market Little Pickers Cubed Tasty Cheese & Pretzels 40g,https://www.aldi.com.au/fileadmin/_processed_/6/9/csm_ALN3662_1x1_SSV-NOV-B1_228x628_13_ffaa28cfb8.jpg,https://www.aldi.com.au/en/groceries/super-savers/super-savers-detail/ps/p/snackers-market-little-pickers-cubed-tasty-cheese/,$1$3.
groceries,super-savers,Westacre Snack ’n’ Go 40g/50g,https://www.aldi.com.au/fileadmin/_processed_/0/f/csm_ALN3662_1x1_SSV-NOV-B1_228x628_14_47bb36f037.jpg,https://www.aldi.com.au/en/groceries/super-savers/super-savers-detail/ps/p/westacre-snack-n-go-40g50g/,9970
groceries,super-savers,Snackers Market Little Pickers Cubed Tasty Cheese & Mini Crackers 35g,https://www.aldi.com.au/fileadmin/_processed_/5/0/csm_ALN3662_1x1_SSV-NOV-B1_228x628_15_53a26d93bb.jpg,https://www.aldi.com.au/en/groceries/super-savers/super-savers-detail/ps/p/snackers-market-little-pickers-cubed-tasty-cheese-1/,c$3.
groceries,super-savers,Westacre Cream Cheese Block 250g,https://www.aldi.com.au/fileadmin/_processed_/8/2/csm_ALN3662_1x1_SSV-NOV-B1_228x628_16_b7a7e637de.jpg,https://www.aldi.com.au/en/groceries/super-savers/super-savers-detail/ps/p/westacre-cream-cheese-block-250g/,9970
groceries,super-savers,Farmdale Evaporated Milk 384ml/385ml,https://www.aldi.com.au/fileadmin/_processed_/6/a/csm_ALN3662_1x1_SSV-NOV-B1_228x628_17_f9bd7df289.jpg,https://www.aldi.com.au/en/groceries/super-savers/super-savers-detail/ps/p/farmdale-evaporated-milk-384ml385ml/,c$3.
groceries,super-savers,Farmdale Condensed Milk 397g,https://www.aldi.com.au/fileadmin/_processed_/c/b/csm_ALN3662_1x1_SSV-NOV-B1_228x628_18_ba22fcee3d.jpg,https://www.aldi.com.au/en/groceries/super-savers/super-savers-detail/ps/p/farmdale-condensed-milk-397g-1/,9970
groceries,super-savers,Deli Originals Fresh Topped Hommus 200g – Assorted Varieties,https://www.aldi.com.au/fileadmin/_processed_/8/b/csm_ALN3662_1x1_SSV-NOV-B1_228x628_19_5d8be2bb8f.jpg,https://www.aldi.com.au/en/groceries/super-savers/super-savers-detail/ps/p/deli-originals-fresh-topped-hommus-200g-assorted-v/,c$16.
groceries,super-savers,Deli Originals Fresh Multipack Hommus 3 x 65g,https://www.aldi.com.au/fileadmin/_processed_/a/a/csm_ALN3662_1x1_SSV-NOV-B1_228x628_20_7e30a770b7.jpg,https://www.aldi.com.au/en/groceries/super-savers/super-savers-detail/ps/p/deli-originals-fresh-multipack-hommus-3-x-65g/,99$3
groceries,super-savers,Snackers Market Dip and Crackers 65g – Hommus or Beetroot Hommus,https://www.aldi.com.au/fileadmin/_processed_/8/0/csm_ALN3662_1x1_SSV-NOV-B1_228x628_21_775151a48e.jpg,https://www.aldi.com.au/en/groceries/super-savers/super-savers-detail/ps/p/snackers-market-dip-and-crackers-65g-hommus-or-bee/,$3.99
groceries,super-savers,Emporium Selection Bocconcini 200g,https://www.aldi.com.au/fileadmin/_processed_/3/5/csm_ALN3662_1x1_SSV-NOV-B1_228x628_22_e2dfce5ace.jpg,https://www.aldi.com.au/en/groceries/super-savers/super-savers-detail/ps/p/emporium-selection-bocconcini-200g/,50c
groceries,super-savers,Pick’d Orange Juice With Pulp 2L,https://www.aldi.com.au/fileadmin/_processed_/c/f/csm_ALN3662_1x1_SSV-NOV-B1_228x628_23_b5f2e37304.jpg,https://www.aldi.com.au/en/groceries/super-savers/super-savers-detail/ps/p/pickd-orange-juice-with-pulp-2l/,$2.99
groceries,super-savers,Pick’d Fruitism Fruit Smoothie 1L – Assorted,https://www.aldi.com.au/fileadmin/_processed_/1/c/csm_ALN3662_1x1_SSV-NOV-B1_228x628_24_5913839e1d.jpg,https://www.aldi.com.au/en/groceries/super-savers/super-savers-detail/ps/p/pickd-fruitism-fruit-smoothie-1l-assorted/,$199
groceries,super-savers,World Kitchen Pork and Ginger Dumplings 300g,https://www.aldi.com.au/fileadmin/_processed_/9/0/csm_ALN3662_1x1_SSV-NOV-B1_228x628_25_e7225e86e3.jpg,https://www.aldi.com.au/en/groceries/super-savers/super-savers-detail/ps/p/world-kitchen-pork-and-ginger-dumplings-300g/,c50
groceries,super-savers,Blackstone Flavoured Popcorn 90g – Assorted Flavours,https://www.aldi.com.au/fileadmin/_processed_/1/7/csm_ALN3662_1x1_SSV-NOV-B1_228x628_26_aa4291ae6f.jpg,https://www.aldi.com.au/en/groceries/super-savers/super-savers-detail/ps/p/blackstone-flavoured-popcorn-90g-assorted-flavours/,c99
groceries,super-savers,Blackstone Purple Potato & Sweet Potato Chips 120g,https://www.aldi.com.au/fileadmin/_processed_/3/6/csm_ALN3662_1x1_SSV-NOV-B1_228x628_27_8f1db2a059.jpg,https://www.aldi.com.au/en/groceries/super-savers/super-savers-detail/ps/p/blackstone-purple-potato-sweet-potato-chips-120g-1/,c50
groceries,super-savers,Just Organic Corn Chips 200g,https://www.aldi.com.au/fileadmin/_processed_/9/5/csm_ALN3662_1x1_SSV-NOV-B1_228x628_28_395c3c27ae.jpg,https://www.aldi.com.au/en/groceries/super-savers/super-savers-detail/ps/p/just-organic-corn-chips-200g/,c99
groceries,super-savers,Expressi Coffee Capsule Machine ONE,https://www.aldi.com.au/fileadmin/_processed_/b/7/csm_ALN3662_1x1_SSV-NOV-B1_228x628_29_f808646dd7.jpg,https://www.aldi.com.au/en/groceries/super-savers/super-savers-detail/ps/p/expressi-coffee-capsule-machine-one-1/,c50
groceries,super-savers,Nescafé Original 200g,https://www.aldi.com.au/fileadmin/_processed_/1/4/csm_ALN3662_1x1_SSV-NOV-B1_228x628_30_fc561f63c1.jpg,https://www.aldi.com.au/en/groceries/super-savers/super-savers-detail/ps/p/nescaf-original-200g/,c$1.
groceries,super-savers,Yellowglen Chardonnay Pinot Noir & Prosecco NV 750ml,https://www.aldi.com.au/fileadmin/_processed_/2/0/csm_ALN3662_1x1_SSV-NOV-B1_228x628_31_eed46ea727.jpg,https://www.aldi.com.au/en/groceries/super-savers/super-savers-detail/ps/p/yellowglen-chardonnay-pinot-noir-prosecco-nv-750ml/,99$1
groceries,super-savers,Yellowglen Chardonnay Pinot Noir Prosecco & Rose NV 750ml,https://www.aldi.com.au/fileadmin/_processed_/4/f/csm_ALN3662_1x1_SSV-NOV-B1_228x628_32_449b34fb4f.jpg,https://www.aldi.com.au/en/groceries/super-savers/super-savers-detail/ps/p/yellowglen-chardonnay-pinot-noir-prosecco-rose-nv/,99c
groceries,super-savers,El Toro Macho Superior Tempranillo and Bobal 750ml,https://www.aldi.com.au/fileadmin/_processed_/9/c/csm_ALN3662_1x1_SSV-NOV-B1_228x628_33_c60e135579.jpg,https://www.aldi.com.au/en/groceries/super-savers/super-savers-detail/ps/p/el-toro-macho-superior-tempranillo-and-bobal-750ml/,80c
groceries,super-savers,"Coraggioso Nero d’Avola Sicily, Italy 750ml",https://www.aldi.com.au/fileadmin/_processed_/b/e/csm_ALN3662_1x1_SSV-NOV-B1_228x628_34_e60c69e043.jpg,https://www.aldi.com.au/en/groceries/super-savers/super-savers-detail/ps/p/coraggioso-nero-davola-sicily-italy-750ml-2/,99c
groceries,super-savers,Loire Valley Sauvignon Blanc 750ml – Product of France,https://www.aldi.com.au/fileadmin/_processed_/3/5/csm_ALN3662_1x1_SSV-NOV-B1_228x628_35_a8fef146e5.jpg,https://www.aldi.com.au/en/groceries/super-savers/super-savers-detail/ps/p/loire-valley-sauvignon-blanc-750ml-product-of-fran/,40c
groceries,super-savers,"Loire Valley Cabernet Franc Rosé 750ml –  IGP Loire Valley, France",https://www.aldi.com.au/fileadmin/_processed_/1/4/csm_ALN3662_1x1_SSV-NOV-B1_228x628_36_05da8ea2af.jpg,https://www.aldi.com.au/en/groceries/super-savers/super-savers-detail/ps/p/loire-valley-cabernet-franc-ros-750ml-igp-loire-va/,$1.99
groceries,super-savers,Cape Cyan Natural Blonde Beer 6 x 330ml,https://www.aldi.com.au/fileadmin/_processed_/6/2/csm_ALN3662_1x1_SSV-NOV-B1_228x628_37_ba41503b8e.jpg,https://www.aldi.com.au/en/groceries/super-savers/super-savers-detail/ps/p/cape-cyan-natural-blonde-beer-6-x-330ml-2/,$1$1.
groceries,super-savers,Damora Specialty Crackers 100g,https://www.aldi.com.au/fileadmin/_processed_/8/0/csm_ALN3662_1x1_SSV-NOV-B1_228x628_38_9f6a0db7a2.jpg,https://www.aldi.com.au/en/groceries/super-savers/super-savers-detail/ps/p/damora-specialty-crackers-100g-1/,4950
groceries,super-savers,Emporium Selection Goat’s Cheese 110g,https://www.aldi.com.au/fileadmin/_processed_/3/c/csm_ALN3662_1x1_SSV-NOV-B1_228x628_39_4cedffec44.jpg,https://www.aldi.com.au/en/groceries/super-savers/super-savers-detail/ps/p/emporium-selection-goats-cheese-110g/,c99
groceries,super-savers,Emporium Selection Dutch Cheese 200g/260g,https://www.aldi.com.au/fileadmin/_processed_/0/c/csm_ALN3662_1x1_SSV-NOV-B1_228x628_40_5b89fc5f2f.jpg,https://www.aldi.com.au/en/groceries/super-savers/super-savers-detail/ps/p/emporium-selection-dutch-cheese-200g260g-1/,c50
groceries,super-savers,Emporium Selection Smooth Blue Cheese 200g,https://www.aldi.com.au/fileadmin/_processed_/e/b/csm_ALN3662_1x1_SSV-NOV-B1_228x628_41_8aecabad8a.jpg,https://www.aldi.com.au/en/groceries/super-savers/super-savers-detail/ps/p/emporium-selection-smooth-blue-cheese-200g/,c$2.
groceries,super-savers,Forresters Mixed Nuts 375g,https://www.aldi.com.au/fileadmin/_processed_/5/d/csm_ALN3662_1x1_SSV-NOV-B1_228x628_42_5761159ae2.jpg,https://www.aldi.com.au/en/groceries/super-savers/super-savers-detail/ps/p/forresters-mixed-nuts-375g-2/,9950
groceries,super-savers,Just Organic Pitted Kalamata Olives 350g,https://www.aldi.com.au/fileadmin/_processed_/9/9/csm_ALN3662_1x1_SSV-NOV-B1_228x628_43_ebca4b1716.jpg,https://www.aldi.com.au/en/groceries/super-savers/super-savers-detail/ps/p/just-organic-pitted-kalamata-olives-350g-1/,c$3.
groceries,super-savers,Deli Originals Antipasti 280g,https://www.aldi.com.au/fileadmin/_processed_/b/0/csm_ALN3662_1x1_SSV-NOV-B1_228x628_44_4fd3fc7816.jpg,https://www.aldi.com.au/en/groceries/super-savers/super-savers-detail/ps/p/deli-originals-antipasti-280g/,9950
groceries,super-savers,Deli Originals Sundried Tomatoes 280g,https://www.aldi.com.au/fileadmin/_processed_/0/1/csm_ALN3662_1x1_SSV-NOV-B1_228x628_45_22e06cb53f.jpg,https://www.aldi.com.au/en/groceries/super-savers/super-savers-detail/ps/p/deli-originals-sundried-tomatoes-280g/,c$3.
groceries,super-savers,Urban Eats Greek Spanakopita 750g,https://www.aldi.com.au/fileadmin/_processed_/d/e/csm_ALN3662_1x1_SSV-NOV-B1_228x628_46_f5bfad4a07.jpg,https://www.aldi.com.au/en/groceries/super-savers/super-savers-detail/ps/p/urban-eats-greek-spanakopita-750g/,4930
groceries,super-savers,Urban Eats Greek Tiropita 750g,https://www.aldi.com.au/fileadmin/_processed_/1/2/csm_ALN3662_1x1_SSV-NOV-B1_228x628_47_8df3e615c5.jpg,https://www.aldi.com.au/en/groceries/super-savers/super-savers-detail/ps/p/urban-eats-greek-tiropita-750g/,c$4.
groceries,super-savers,Berg Deli Spicy Sopressa Salami 100g,https://www.aldi.com.au/fileadmin/_processed_/4/5/csm_ALN3662_1x1_SSV-NOV-B1_228x628_48_ec19a159b5.jpg,https://www.aldi.com.au/en/groceries/super-savers/super-savers-detail/ps/p/berg-deli-spicy-sopressa-salami-100g/,9950
groceries,health,Dentitex Advanced Whitening Toothpaste,https://www.aldi.com.au/fileadmin/_processed_/9/3/csm_ALN2364-7_HEALTH_1x1_228x128__d9c1a69508.jpg,https://www.aldi.com.au/en/groceries/health/health-detail/ps/p/dentitex-advanced-whitening-toothpaste/,$1.99
groceries,super-savers,Berg Deli Sliced Prosciutto 100g,https://www.aldi.com.au/fileadmin/_processed_/e/2/csm_ALN3662_1x1_SSV-NOV-B1_228x628_49_d6c291b2b4.jpg,https://www.aldi.com.au/en/groceries/super-savers/super-savers-detail/ps/p/berg-deli-sliced-prosciutto-100g/,c$1.
groceries,super-savers,Berg Deli Mild Sopressa Salami 100g,https://www.aldi.com.au/fileadmin/_processed_/a/0/csm_ALN3662_1x1_SSV-NOV-B1_228x628_50_d13b06b108.jpg,https://www.aldi.com.au/en/groceries/super-savers/super-savers-detail/ps/p/berg-deli-mild-sopressa-salami-100g/,9950
groceries,health,Dentitex Sensitive Plus Whitening Toothpaste,https://www.aldi.com.au/fileadmin/_processed_/6/2/csm_ALN2364-7_HEALTH_1x1_228x128_5_684b45adc5.jpg,https://www.aldi.com.au/en/groceries/health/health-detail/ps/p/dentitex-sensitive-plus-whitening-toothpaste/,$4.49
groceries,health,Dentitex Interdental Pro Toothbrush 2pk,https://www.aldi.com.au/fileadmin/_processed_/b/6/csm_ALN2853_HEALTH_1x1_228x128_4_5cb4d06f7a.jpg,https://www.aldi.com.au/en/groceries/health/health-detail/ps/p/dentitex-interdental-pro-toothbrush-2pk/,$1.89
groceries,health,Dentitex Orbit Toothbrush 2pk,https://www.aldi.com.au/fileadmin/_processed_/3/a/csm_ALN2364-7_HEALTH_1x1_228x128_3_e4b1c3337d.jpg,https://www.aldi.com.au/en/groceries/health/health-detail/ps/p/dentitex-orbit-toothbrush-2pk/,$3.29
groceries,health,Dentitex Mouthwash 1L Ultra Fresh or Tartar Control 1L,https://www.aldi.com.au/fileadmin/_processed_/d/b/csm_ALN3498_AUG_SSV_DIGITAL_1x1_228x128_31_545b9de1d2.jpg,https://www.aldi.com.au/en/groceries/health/health-detail/ps/p/dentitex-mouthwash-1l-ultra-fresh-or-tartar-contro-1/,$4.19
groceries,health,Dentitex Mouthwash 500ml,https://www.aldi.com.au/fileadmin/_processed_/7/1/csm_ALN3510_Q3_HEALTH_1x1_228x128_2_ccb4337aa7.jpg,https://www.aldi.com.au/en/groceries/health/health-detail/ps/p/dentitex-mouthwash-500ml/,$3.49
groceries,health,Essential Health Paw Paw Ointment,https://www.aldi.com.au/fileadmin/_processed_/9/0/csm_ALN2364-7_HEALTH_1x1_228x128_6_678cce7213.jpg,https://www.aldi.com.au/en/groceries/health/health-detail/ps/p/essential-health-paw-paw-ointment/,$2.39
groceries,health,Essential Health Eucalyptus Oil 100ml,https://www.aldi.com.au/fileadmin/_processed_/f/b/csm_ALN3510_Q3_HEALTH_1x1_228x128_3_7dad452a16.jpg,https://www.aldi.com.au/en/groceries/health/health-detail/ps/p/essential-health-eucalyptus-oil-100ml/,40c
groceries,health,Hedafen Ibuprofen 24pk,https://www.aldi.com.au/fileadmin/_processed_/e/e/csm_ALN2364-7_HEALTH_1x1_228x128_7_5e19cb1d8b.jpg,https://www.aldi.com.au/en/groceries/health/health-detail/ps/p/hedafen-ibuprofen-24pk/,$6.99
groceries,health,Hedafen Ibuprofen Liquid Gel Capsules 20pk,https://www.aldi.com.au/fileadmin/_processed_/0/8/csm_ALN3612_1x1_SSV-OCT-B2_228x128_30_bc76a15943.jpg,https://www.aldi.com.au/en/groceries/health/health-detail/ps/p/hedafen-ibuprofen-liquid-gel-capsules-20pk-1/,$1.49
groceries,health,Hedanol Paracetamol Capsule Shaped Tablets 20pk,https://www.aldi.com.au/fileadmin/_processed_/a/5/csm_ALN2364-7_HEALTH_1x1_228x128_9_c613cd50e7.jpg,https://www.aldi.com.au/en/groceries/health/health-detail/ps/p/hedanol-paracetamol-capsule-shaped-tablets-20pk/,$2.39
groceries,health,Essential Health Effervescents 15pk,https://www.aldi.com.au/fileadmin/_processed_/c/3/csm_ALN2364-7_HEALTH_1x1_228x128_10_586cc47052.jpg,https://www.aldi.com.au/en/groceries/health/health-detail/ps/p/essential-health-effervescents-15pk-1/,75c
groceries,freezer,Market Fare Corn Cobs 1kg,https://www.aldi.com.au/fileadmin/_processed_/9/4/csm_ALN2853_AWARDS_FROZEN_FOOD_1x1_228x128__e655e9c06c.jpg,https://www.aldi.com.au/en/groceries/freezer/freezer-detail/ps/p/market-fare-corn-cobs-1kg-1/,$2.49
groceries,beauty,LACURA,https://www.aldi.com.au/fileadmin/_processed_/7/d/csm_ALN1075_SKIN_CARE_UPDATE_1x1_228x128_6_2dac99110b.jpg,https://www.aldi.com.au/en/groceries/beauty/beauty-detail/ps/p/lacura-essentials-bb-cream-spf-15-50ml/,$4.99
groceries,health,Essential Health Electrolytes 20pk,https://www.aldi.com.au/fileadmin/_processed_/9/3/csm_ALN2853_HEALTH_1x1_228x128__9c3f4c0792.jpg,https://www.aldi.com.au/en/groceries/health/health-detail/ps/p/essential-health-electrolytes-20pk/,$4.49
groceries,freezer,Market Fare Corn Kernels 1kg,https://www.aldi.com.au/fileadmin/_processed_/a/2/csm_ALN2853_AWARDS_FROZEN_FOOD_1x1_228x128_2_b2bba5422e.jpg,https://www.aldi.com.au/en/groceries/freezer/freezer-detail/ps/p/market-fare-corn-kernels-1kg-1/,10c
groceries,beauty,Essentials BB Cream SPF 15 50ml,https://www.aldi.com.au/fileadmin/_processed_/7/d/csm_ALP0614_WEB_AUDIT_2Q_LACURA_1x1_128x228__7337596be1.jpg,https://www.aldi.com.au/en/groceries/beauty/beauty-detail/ps/p/lacura-essentials-purify-exfoliating-wash-150ml/,$3.79
groceries,beauty,LACURA,https://www.aldi.com.au/fileadmin/_processed_/e/9/csm_ALP0614_WEB_AUDIT_2Q_LACURA_1x1_128x228_2_238ffd9714.jpg,https://www.aldi.com.au/en/groceries/beauty/beauty-detail/ps/p/lacura-essentials-caring-cleansing-gel-150ml/,$3.79
groceries,beauty,Essentials Purify Exfoliating Wash 150ml,https://www.aldi.com.au/fileadmin/_processed_/1/6/csm_ALP0614_WEB_AUDIT_2Q_LACURA_1x1_128x228_3_41952414db.jpg,https://www.aldi.com.au/en/groceries/beauty/beauty-detail/ps/p/lacura-essentials-fine-balance-foaming-cleansing-g/,$3.79
groceries,beauty,LACURA,https://www.aldi.com.au/fileadmin/_processed_/8/5/csm_ALC7782_THE_BLOCK_1x1_228x128_46_14b472b3c8.jpg,https://www.aldi.com.au/en/groceries/beauty/beauty-detail/ps/p/lacura-essentials-fine-balance-cleansing-wipes-30p/,$1.69
groceries,beauty,Essentials Caring Cleansing Gel 150ml,https://www.aldi.com.au/fileadmin/_processed_/d/8/csm_ALC7782_THE_BLOCK_1x1_228x128_47_c420f81809.jpg,https://www.aldi.com.au/en/groceries/beauty/beauty-detail/ps/p/lacura-essentials-caring-cleansing-wipes-30pk/,$1.69
groceries,beauty,LACURA,https://www.aldi.com.au/fileadmin/_processed_/7/7/csm_ALN1075_SKIN_CARE_UPDATE_1x1_228x128_9_1dbf20698f.jpg,https://www.aldi.com.au/en/groceries/beauty/beauty-detail/ps/p/lacura-essentials-make-up-rounds-80pk/,$1.39
groceries,beauty,Essentials Fine Balance Foaming Cleansing Gel 150ml,https://www.aldi.com.au/fileadmin/_processed_/5/c/csm_ALN1075_SKIN_CARE_UPDATE_1x1_228x128_11_f02b9d87a7.jpg,https://www.aldi.com.au/en/groceries/beauty/beauty-detail/ps/p/lacura-essentials-womens-comfort-touch-3-blade-dis/,$3.99
groceries,beauty,LACURA,https://www.aldi.com.au/fileadmin/_processed_/b/f/csm_ALN3510_Q3_BEAUTY_1x1_228x128_8_e268545a92.jpg,https://www.aldi.com.au/en/groceries/beauty/beauty-detail/ps/p/lacura-skin-science-renew-expert-double-effect-eye/,$10.99
groceries,beauty,Essentials Fine Balance Cleansing Wipes 30pk,https://www.aldi.com.au/fileadmin/_processed_/7/9/csm_ALN2147_Q4_SKIN-CARE_1x1_228x128_10_7ffbef2e32.jpg,https://www.aldi.com.au/en/groceries/beauty/beauty-detail/ps/p/lacura-skin-science-renew-expert-wrinkle-smoother-1/,$10.99
groceries,beauty,LACURA,https://www.aldi.com.au/fileadmin/_processed_/5/1/csm_ALN3510_Q3_BEAUTY_1x1_228x128_13_418604b98b.jpg,https://www.aldi.com.au/en/groceries/beauty/beauty-detail/ps/p/lacura-skin-science-renew-day-cream-spf-15-50ml/,$7.99
groceries,beauty,Essentials Caring Cleansing Wipes 30pk,https://www.aldi.com.au/fileadmin/_processed_/8/d/csm_ALN3510_Q3_BEAUTY_1x1_228x128_14_67b77323e1.jpg,https://www.aldi.com.au/en/groceries/beauty/beauty-detail/ps/p/lacura-skin-science-renew-night-cream-50ml/,$7.99
groceries,beauty,LACURA,https://www.aldi.com.au/fileadmin/_processed_/e/d/csm_ALN3510_Q3_BEAUTY_1x1_228x128_12_3e4b1c9e23.jpg,https://www.aldi.com.au/en/groceries/beauty/beauty-detail/ps/p/lacura-skin-science-renew-serum-50ml/,$7.99
groceries,health,Essential Health First Aid Strips Plastic 100pk or Fabric 50pk,https://www.aldi.com.au/fileadmin/_processed_/d/b/csm_ALN3498_AUG_SSV_DIGITAL_1x1_228x128_33_651ac07fad.jpg,https://www.aldi.com.au/en/groceries/health/health-detail/ps/p/essential-health-first-aid-strips-plastic-100pk-or-1/,$5.49
groceries,health,Essential Health Meal Replacement Shake 55g,https://www.aldi.com.au/fileadmin/_processed_/0/e/csm_ALN2364-7_HEALTH_1x1_228x128_12_2e957e4443.jpg,https://www.aldi.com.au/en/groceries/health/health-detail/ps/p/essential-health-meal-replacement-shake-55g-1/,$1.99
groceries,health,Essential Health Protein Bar 30g,https://www.aldi.com.au/fileadmin/_processed_/0/3/csm_ALN2364-7_HEALTH_1x1_228x128_13_8e8f2dd529.jpg,https://www.aldi.com.au/en/groceries/health/health-detail/ps/p/essential-health-protein-bar-30g/,$1.99
groceries,health,Onset Chocolate Protein Bars 51g-57g,https://www.aldi.com.au/fileadmin/_processed_/5/4/csm_ALN2853_HEALTH_1x1_228x128_3_2bdeaaea03.jpg,https://www.aldi.com.au/en/groceries/health/health-detail/ps/p/onset-chocolate-protein-bars-51g-57g/,$1.49
groceries,health,Essential Health Meal Replacement Bar 55g,https://www.aldi.com.au/fileadmin/_processed_/4/6/csm_ALN3571_SEP_SSV_DIGITAL__B1__1x1_228x128_17_1eb47281b1.jpg,https://www.aldi.com.au/en/groceries/health/health-detail/ps/p/essential-health-meal-replacement-bar-55g-2/,$2.99
groceries,freezer,Market Fare Garden Peas 1kg,https://www.aldi.com.au/fileadmin/_processed_/4/a/csm_ALN2853_AWARDS_FROZEN_FOOD_1x1_228x128_3_591795a34d.jpg,https://www.aldi.com.au/en/groceries/freezer/freezer-detail/ps/p/market-fare-garden-peas-1kg-3/,$1.99
groceries,freezer,Market Fare Baby Peas 1kg,https://www.aldi.com.au/fileadmin/_processed_/1/5/csm_ALN3354_Q2-WEB-AUDIT_1x1_228x128_21_ac3d848ecf.jpg,https://www.aldi.com.au/en/groceries/freezer/freezer-detail/ps/p/market-fare-baby-peas-1kg/,$2.99
groceries,freezer,"Market Fare Peas, Carrots & Corn 1kg",https://www.aldi.com.au/fileadmin/_processed_/a/b/csm_ALN2853_AWARDS_FROZEN_FOOD_1x1_228x128_4_32b4dc35ff.jpg,https://www.aldi.com.au/en/groceries/freezer/freezer-detail/ps/p/market-fare-peas-carrots-corn-1kg-2/,$2.79
groceries,freezer,Market Fare Green Beans 1kg,https://www.aldi.com.au/fileadmin/_processed_/f/0/csm_ALN2853_AWARDS_FROZEN_FOOD_1x1_228x128_5_728efad4f0.jpg,https://www.aldi.com.au/en/groceries/freezer/freezer-detail/ps/p/market-fare-green-beans-1kg/,$1.99
groceries,freezer,Market Fare Broccoli 500g,https://www.aldi.com.au/fileadmin/_processed_/c/b/csm_ALN2853_AWARDS_FROZEN_FOOD_1x1_228x128_6_31d847d825.jpg,https://www.aldi.com.au/en/groceries/freezer/freezer-detail/ps/p/market-fare-broccoli-500g-1/,$2.29
groceries,freezer,Market Fare Spinach 250g,https://www.aldi.com.au/fileadmin/_processed_/a/d/csm_ALN2853_AWARDS_FROZEN_FOOD_1x1_228x128_7_e00448fa4c.jpg,https://www.aldi.com.au/en/groceries/freezer/freezer-detail/ps/p/market-fare-spinach-250g-2/,89c
groceries,beauty,Essentials Make Up Rounds 80pk,https://www.aldi.com.au/fileadmin/_processed_/f/8/csm_ALC7782_THE_BLOCK_1x1_228x128_49_b2fd8e8bc4.jpg,https://www.aldi.com.au/en/groceries/beauty/beauty-detail/ps/p/lacura-essentials-renew-cleansing-wipes-30pk/,$1.69
groceries,beauty,LACURA,https://www.aldi.com.au/fileadmin/_processed_/d/4/csm_ALN3510_Q3_BEAUTY_1x1_228x128_6_c0b4f96dd3.jpg,https://www.aldi.com.au/en/groceries/beauty/beauty-detail/ps/p/lacura-renew-expert-face-cream-day-50ml/,$10.99
groceries,beauty,Essentials Women's Comfort Touch 3 Blade Disposable Razors 8pk,https://www.aldi.com.au/fileadmin/_processed_/8/c/csm_ALN3510_Q3_BEAUTY_1x1_228x128_7_3134655ad4.jpg,https://www.aldi.com.au/en/groceries/beauty/beauty-detail/ps/p/lacura-renew-expert-face-cream-night-50ml/,$10.99
groceries,beauty,LACURA,https://www.aldi.com.au/fileadmin/_processed_/b/f/csm_ALN3510_Q3_BEAUTY_1x1_228x128_8_e268545a92.jpg,https://www.aldi.com.au/en/groceries/beauty/beauty-detail/ps/p/lacura-renew-expert-firming-eye-gel-15ml/,$10.99
groceries,beauty,Skin Science Renew Expert Double Effect Eye Gel 15ml,https://www.aldi.com.au/fileadmin/_processed_/2/7/csm_ALN3510_Q3_BEAUTY_1x1_228x128_9_0c955c884e.jpg,https://www.aldi.com.au/en/groceries/beauty/beauty-detail/ps/p/lacura-revive-intensive-serum-night-elixir-30ml/,$10.99
groceries,beauty,LACURA,https://www.aldi.com.au/fileadmin/_processed_/2/9/csm_ALN3510_Q3_BEAUTY_1x1_228x128_10_d0c5e42584.jpg,https://www.aldi.com.au/en/groceries/beauty/beauty-detail/ps/p/lacura-revive-intensive-serum-hyaluronic-gel-30ml/,$10.99
groceries,beauty,Skin Science Renew Expert Wrinkle Smoother 15ml,https://www.aldi.com.au/fileadmin/_processed_/c/9/csm_ALN3510_Q3_BEAUTY_1x1_228x128_11_d8ecd7bb0a.jpg,https://www.aldi.com.au/en/groceries/beauty/beauty-detail/ps/p/lacura-revive-intensive-serum-moisture-boost-15ml/,$10.99
groceries,beauty,LACURA,https://www.aldi.com.au/fileadmin/_processed_/d/4/csm_ALN3510_Q3_BEAUTY_1x1_228x128_4_7ecab52a65.jpg,https://www.aldi.com.au/en/groceries/beauty/beauty-detail/ps/p/lacura-skin-science-revitalise-expert-neck-dcollet/,$10.99
groceries,beauty,Skin Science Renew Day Cream SPF 15 50ml,https://www.aldi.com.au/fileadmin/_processed_/f/5/csm_ALN3510_Q3_BEAUTY_1x1_228x128_5_52e0ba549e.jpg,https://www.aldi.com.au/en/groceries/beauty/beauty-detail/ps/p/lacura-skin-science-revitalise-expert-eye-cream-15/,$10.99
groceries,beauty,LACURA,https://www.aldi.com.au/fileadmin/_processed_/6/d/csm_ALC7782_THE_BLOCK_1x1_228x128_48_bd33cd66a1.jpg,https://www.aldi.com.au/en/groceries/beauty/beauty-detail/ps/p/lacura-essentials-revitalise-cleansing-wipes-30pk/,$1.69
groceries,beauty,Skin Science Renew Night Cream 50ml,https://www.aldi.com.au/fileadmin/_processed_/f/3/csm_ALN3510_Q3_BEAUTY_1x1_228x128__686939478a.jpg,https://www.aldi.com.au/en/groceries/beauty/beauty-detail/ps/p/lacura-revitalise-face-cream-for-mature-skin-cream/,$7.99
groceries,beauty,LACURA,https://www.aldi.com.au/fileadmin/_processed_/7/3/csm_ALN3510_Q3_BEAUTY_1x1_228x128_2_46011aced0.jpg,https://www.aldi.com.au/en/groceries/beauty/beauty-detail/ps/p/lacura-revitalise-face-cream-for-mature-skin-cream-1/,$7.99
groceries,freezer,Market Fare Winter Vegetables 1kg,https://www.aldi.com.au/fileadmin/_processed_/1/8/csm_ALN3354_Q2-WEB-AUDIT_1x1_228x128_23_0421a1bc07.jpg,https://www.aldi.com.au/en/groceries/freezer/freezer-detail/ps/p/market-fare-winter-vegetables-1kg-2/,$2.79
groceries,freezer,Market Fare Stir Fry Vegetables 850g,https://www.aldi.com.au/fileadmin/_processed_/d/3/csm_ALN2853_FROZEN_FOOD_1x1_228x128_2_b87e9b8cb1.jpg,https://www.aldi.com.au/en/groceries/freezer/freezer-detail/ps/p/market-fare-stir-fry-vegetables-850g/,$3.49
groceries,freezer,Market Fare Cauliflower or Broccoli Bake 800g,https://www.aldi.com.au/fileadmin/_processed_/b/6/csm_ALN2853_AWARDS_FROZEN_FOOD_1x1_228x128_8_b9622172af.jpg,https://www.aldi.com.au/en/groceries/freezer/freezer-detail/ps/p/market-fare-cauliflower-or-broccoli-bake-800g/,$4.99
groceries,freezer,The Best Margherita Pizza Ever 365g,https://www.aldi.com.au/fileadmin/_processed_/f/5/csm_ALN2626_MARGHERITA_PIZZA_1x1_228x128_663241c472.jpg,https://www.aldi.com.au/en/groceries/freezer/freezer-detail/ps/p/the-best-margherita-pizza-ever-365g/,$4.99
groceries,freezer,International Cuisine Supreme Family Pizza 500g,https://www.aldi.com.au/fileadmin/_processed_/6/f/csm_ALN3354_Q2-WEB-AUDIT_1x1_228x128_22_122e481418.jpg,https://www.aldi.com.au/en/groceries/freezer/freezer-detail/ps/p/international-cuisine-supreme-family-pizza-500g/,$2.99
groceries,freezer,International Cuisine Beef Lasagne 2kg,https://www.aldi.com.au/fileadmin/_processed_/5/1/csm_ALN3510_Q3_FREEZER_1x1_228x128__b8af1468ed.jpg,https://www.aldi.com.au/en/groceries/freezer/freezer-detail/ps/p/international-cuisine-beef-lasagne-2kg/,$8.49
groceries,freezer,Orchard & Vine Blueberries 500g,https://www.aldi.com.au/fileadmin/_processed_/d/8/csm_ALN2364_FROZEN_FOOD_1x1_228x128_3_97631fd247.jpg,https://www.aldi.com.au/en/groceries/freezer/freezer-detail/ps/p/orchard-vine-blueberries-500g-1/,$4.49
groceries,freezer,Kenny’s Frozen Dessert 475ml,https://www.aldi.com.au/fileadmin/_processed_/8/a/csm_ALN2853_FROZEN_FOOD_1x1_228x128_8_4f548ce5ec.jpg,https://www.aldi.com.au/en/groceries/freezer/freezer-detail/ps/p/kennys-frozen-dessert-475ml/,$4.99
groceries,beauty,Skin Science Renew Serum 50ml,https://www.aldi.com.au/fileadmin/_processed_/e/d/csm_ALN3510_Q3_BEAUTY_1x1_228x128_15_f0cf826099.jpg,https://www.aldi.com.au/en/groceries/beauty/beauty-detail/ps/p/lacura-revitalise-mature-skin-serum-50ml-1/,$7.99
groceries,beauty,LACURA,https://www.aldi.com.au/fileadmin/_processed_/c/d/csm_ALN3510_Q3_BEAUTY_1x1_228x128_3_a5c6dc920b.jpg,https://www.aldi.com.au/en/groceries/beauty/beauty-detail/ps/p/lacura-skin-science-revitalise-expert-face-care-da-2/,$10.99
groceries,beauty,Essentials Renew Cleansing Wipes 30pk,https://www.aldi.com.au/fileadmin/_processed_/c/e/csm_ALN3510_Q3_BEAUTY_1x1_228x128_4_5059aee3dd.jpg,https://www.aldi.com.au/en/groceries/beauty/beauty-detail/ps/p/lacura-skin-science-revitalise-expert-face-care-ne/,$10.99
groceries,beauty,LACURA® Renew Expert Face Cream Day 50ml,https://www.aldi.com.au/fileadmin/_processed_/5/4/csm_ALN3510_Q3_BEAUTY_1x1_228x128_5_a04abee8f9.jpg,https://www.aldi.com.au/en/groceries/beauty/beauty-detail/ps/p/lacura-skin-science-revitalise-expert-face-care-ey/,$10.99
groceries,beauty,LACURA® Renew Expert Face Cream Night 50ml,https://www.aldi.com.au/fileadmin/_processed_/e/8/csm_ALN1075_SKIN_CARE_UPDATE_1x1_228x128_25_76e9bdcba0.jpg,https://www.aldi.com.au/en/groceries/beauty/beauty-detail/ps/p/lacura-naturals-revitalising-facial-foaming-cleans/,$5.99
groceries,beauty,LACURA® Renew Expert Firming Eye Gel 15ml,https://www.aldi.com.au/fileadmin/_processed_/1/b/csm_ALN1075_SKIN_CARE_UPDATE_1x1_228x128_26_20d4d20ddc.jpg,https://www.aldi.com.au/en/groceries/beauty/beauty-detail/ps/p/lacura-naturals-pore-cleansing-clarifying-facial-s/,$5.99
groceries,beauty,LACURA® Revive Intensive Serum Night Elixir 30ml,https://www.aldi.com.au/fileadmin/_processed_/7/6/csm_ALN1075_SKIN_CARE_UPDATE_1x1_228x128_27_6a0455746a.jpg,https://www.aldi.com.au/en/groceries/beauty/beauty-detail/ps/p/lacura-naturals-invigorating-exfoliating-facial-sc/,$5.99
groceries,beauty,LACURA® Revive Intensive Serum Hyaluronic Gel 30ml,https://www.aldi.com.au/fileadmin/_processed_/9/5/csm_ALN1075_SKIN_CARE_UPDATE_1x1_228x128_24_785043bbbe.jpg,https://www.aldi.com.au/en/groceries/beauty/beauty-detail/ps/p/lacura-naturals-anti-aging-day-cream-with-liquoric/,$7.99
groceries,beauty,LACURA® Revive Intensive Serum Moisture Boost 15ml,https://www.aldi.com.au/fileadmin/_processed_/6/4/csm_ALN1075_SKIN_CARE_UPDATE_1x1_228x128_23_5dcf16da94.jpg,https://www.aldi.com.au/en/groceries/beauty/beauty-detail/ps/p/lacura-naturals-anti-aging-night-cream-with-rice-b/,$7.99
groceries,beauty,LACURA,https://www.aldi.com.au/fileadmin/_processed_/4/b/csm_ALN1075_SKIN_CARE_UPDATE_1x1_228x128_21_d392e88049.jpg,https://www.aldi.com.au/en/groceries/beauty/beauty-detail/ps/p/lacura-naturals-anti-aging-serum-with-ginger-extra/,$7.99
groceries,beauty,Skin Science Revitalise Expert Neck & Décolleté Serum 50ml,https://www.aldi.com.au/fileadmin/_processed_/8/8/csm_ALN1075_SKIN_CARE_UPDATE_1x1_228x128_22_728b0243c5.jpg,https://www.aldi.com.au/en/groceries/beauty/beauty-detail/ps/p/lacura-naturals-anti-aging-eye-cream-with-tiger-gr/,$7.99
groceries,beauty,LACURA,https://www.aldi.com.au/fileadmin/_processed_/d/b/csm_ALN1075_SKIN_CARE_UPDATE_1x1_228x128_18_4e99e30afa.jpg,https://www.aldi.com.au/en/groceries/beauty/beauty-detail/ps/p/lacura-beauty-long-lasting-duo-lipstick/,$6.99
groceries,beauty,Skin Science Revitalise Expert Eye Cream 15ml,https://www.aldi.com.au/fileadmin/_processed_/6/4/csm_ALP0614_WEB_AUDIT_2Q_LACURA_1x1_128x228_7_db9bfbdea3.jpg,https://www.aldi.com.au/en/groceries/beauty/beauty-detail/ps/p/lacura-beauty-foundation-with-sunscreen/,$4.99
groceries,beauty,LACURA,https://www.aldi.com.au/fileadmin/_processed_/3/e/csm_ALP0614_WEB_AUDIT_2Q_LACURA_1x1_128x228_6_c0b1a8d162.jpg,https://www.aldi.com.au/en/groceries/beauty/beauty-detail/ps/p/lacura-beauty-face-primer-3-in-1/,$4.99
groceries,beauty,Essentials Revitalise Cleansing Wipes 30pk,https://www.aldi.com.au/fileadmin/_processed_/5/1/csm_ALP0614_WEB_AUDIT_2Q_LACURA_1x1_128x228_4_1e124933e1.jpg,https://www.aldi.com.au/en/groceries/beauty/beauty-detail/ps/p/lacura-beauty-24hr-mascara-waterproof-116ml-or-vol/,$6.99
groceries,beauty,LACURA® Revitalise Face Cream for Mature Skin Cream Day 50ml,https://www.aldi.com.au/fileadmin/_processed_/c/3/csm_ALN2362_Retractable_Eyeliner_or_Eyebrow_Pencil_0.3g_1x1_228x128__d6c4e2abe1.jpg,https://www.aldi.com.au/en/groceries/beauty/beauty-detail/ps/p/lacura-retractable-eyeliner-or-eyebrow-pencil-03g/,$4.99
groceries,limited-time-only,Forresters Sensations Wasabi Peanuts 240g,https://www.aldi.com.au/fileadmin/_processed_/3/f/csm_ALN3635_LTO_W44_1x1_228x128__887448a0aa.jpg,https://www.aldi.com.au/en/groceries/limited-time-only/limited-time-only-detail/ps/p/forresters-sensations-wasabi-peanuts-240g/,$2.99
groceries,limited-time-only,Forresters Sensations Savoury Mixed Nuts 150g,https://www.aldi.com.au/fileadmin/_processed_/c/8/csm_ALN3635_LTO_W44_1x1_228x128_2_3b35ab5234.jpg,https://www.aldi.com.au/en/groceries/limited-time-only/limited-time-only-detail/ps/p/forresters-sensations-savoury-mixed-nuts-150g/,$2.99
groceries,limited-time-only,Forresters Pistachio Kernels 80g,https://www.aldi.com.au/fileadmin/_processed_/e/8/csm_ALN3635_LTO_W44_1x1_228x128_3_f9d6602675.jpg,https://www.aldi.com.au/en/groceries/limited-time-only/limited-time-only-detail/ps/p/forresters-pistachio-kernels-80g/,$3.49
groceries,limited-time-only,Forresters Honey Roasted Macadamias 400g,https://www.aldi.com.au/fileadmin/_processed_/8/0/csm_ALN3635_LTO_W44_1x1_228x128_4_edd2037491.jpg,https://www.aldi.com.au/en/groceries/limited-time-only/limited-time-only-detail/ps/p/forresters-honey-roasted-macadamias-400g/,$13.99
groceries,limited-time-only,French Fries 175g,https://www.aldi.com.au/fileadmin/_processed_/7/3/csm_ALN3635_LTO_W44_1x1_228x128_5_046f52b1e9.jpg,https://www.aldi.com.au/en/groceries/limited-time-only/limited-time-only-detail/ps/p/french-fries-175g/,$2.49
groceries,limited-time-only,Parker's Pretzel Minis 6pk/150g,https://www.aldi.com.au/fileadmin/_processed_/b/b/csm_ALN3635_LTO_W44_1x1_228x128_6_d2d51422e4.jpg,https://www.aldi.com.au/en/groceries/limited-time-only/limited-time-only-detail/ps/p/parkers-pretzel-minis-6pk150g/,$2.49
groceries,limited-time-only,Harvest Snaps 200g,https://www.aldi.com.au/fileadmin/_processed_/8/8/csm_ALN3635_LTO_W44_1x1_228x128_7_bbc0db69a0.jpg,https://www.aldi.com.au/en/groceries/limited-time-only/limited-time-only-detail/ps/p/harvest-snaps-200g/,$4.99
groceries,limited-time-only,Jumpy's Chicken Snacks 6pk/108g,https://www.aldi.com.au/fileadmin/_processed_/7/4/csm_ALN3635_LTO_W44_1x1_228x128_8_7b53e15a0f.jpg,https://www.aldi.com.au/en/groceries/limited-time-only/limited-time-only-detail/ps/p/jumpys-chicken-snacks-6pk108g/,$2.99
groceries,limited-time-only,Delicious Destinations Novelty Shaped Bath Bombs 150g,https://www.aldi.com.au/fileadmin/_processed_/4/5/csm_ALN3635_LTO_W44_1x1_228x128_9_027e9afd29.jpg,https://www.aldi.com.au/en/groceries/limited-time-only/limited-time-only-detail/ps/p/delicious-destinations-novelty-shaped-bath-bombs-1/,$3.99
groceries,limited-time-only,Olay Complete Sensitive Lotion SPF15 150ml,https://www.aldi.com.au/fileadmin/_processed_/f/d/csm_ALN3635_LTO_W44_1x1_228x128_10_26a5918f6e.jpg,https://www.aldi.com.au/en/groceries/limited-time-only/limited-time-only-detail/ps/p/olay-complete-sensitive-lotion-spf15-150ml/,$9.99
groceries,limited-time-only,Nivea Biodegradeable Cleansing Wipes 25pk,https://www.aldi.com.au/fileadmin/_processed_/1/9/csm_ALN3635_LTO_W44_1x1_228x128_11_1e66c2b984.jpg,https://www.aldi.com.au/en/groceries/limited-time-only/limited-time-only-detail/ps/p/nivea-biodegradeable-cleansing-wipes-25pk/,$3.99
groceries,limited-time-only,Nivea Soft All Purpose Cream 300ml,https://www.aldi.com.au/fileadmin/_processed_/a/6/csm_ALN3635_LTO_W44_1x1_228x128_12_282df83bd6.jpg,https://www.aldi.com.au/en/groceries/limited-time-only/limited-time-only-detail/ps/p/nivea-soft-all-purpose-cream-300ml/,$7.99
groceries,limited-time-only,Head and Shoulders Anti Dandruff Shampoo 250ml,https://www.aldi.com.au/fileadmin/_processed_/d/7/csm_ALN3635_LTO_W44_1x1_228x128_13_a141376561.jpg,https://www.aldi.com.au/en/groceries/limited-time-only/limited-time-only-detail/ps/p/head-and-shoulders-anti-dandruff-shampoo-250ml/,$5.99
groceries,limited-time-only,Schwarzkopf Pastels Live Semi-Permanent Hair Colour 30ml,https://www.aldi.com.au/fileadmin/_processed_/b/5/csm_ALN3635_LTO_W44_1x1_228x128_14_b847158ff3.jpg,https://www.aldi.com.au/en/groceries/limited-time-only/limited-time-only-detail/ps/p/schwarzkopf-pastels-live-semi-permanent-hair-colou/,$4.79
groceries,limited-time-only,Garnier Micellar Cleansing Water 200ml,https://www.aldi.com.au/fileadmin/_processed_/7/c/csm_ALN3635_LTO_W44_1x1_228x128_15_59a10e956a.jpg,https://www.aldi.com.au/en/groceries/limited-time-only/limited-time-only-detail/ps/p/garnier-micellar-cleansing-water-200ml/,$4.99
groceries,limited-time-only,Garnier BB Cream 50ml,https://www.aldi.com.au/fileadmin/_processed_/3/d/csm_ALN3635_LTO_W44_1x1_228x128_16_320d4ad096.jpg,https://www.aldi.com.au/en/groceries/limited-time-only/limited-time-only-detail/ps/p/garnier-bb-cream-50ml/,$9.99
groceries,limited-time-only,Gillette Venus Simply 3 Blade Disposable Razors 3pk,https://www.aldi.com.au/fileadmin/_processed_/3/b/csm_ALN3635_LTO_W44_1x1_228x128_17_3b6cec1eb1.jpg,https://www.aldi.com.au/en/groceries/limited-time-only/limited-time-only-detail/ps/p/gillette-venus-simply-3-blade-disposable-razors-3p/,$3.99
groceries,limited-time-only,Colway Marinades 375g,https://www.aldi.com.au/fileadmin/_processed_/f/5/csm_ALN3635_LTO_W42_1x1_228x128__feed1881b5.jpg,https://www.aldi.com.au/en/groceries/limited-time-only/limited-time-only-detail/ps/p/colway-marinades-375g/,$1.99
groceries,limited-time-only,Masterfoods Relish or Chutney 250g,https://www.aldi.com.au/fileadmin/_processed_/e/1/csm_ALN3635_LTO_W42_1x1_228x128_2_18e1cde5bb.jpg,https://www.aldi.com.au/en/groceries/limited-time-only/limited-time-only-detail/ps/p/masterfoods-relish-or-chutney-250g/,$2.99
groceries,limited-time-only,Mcilhenny Co Tabasco Sauce 60ml,https://www.aldi.com.au/fileadmin/_processed_/1/9/csm_ALN3635_LTO_W42_1x1_228x128_3_f1c69b4c44.jpg,https://www.aldi.com.au/en/groceries/limited-time-only/limited-time-only-detail/ps/p/mcilhenny-co-tabasco-sauce-60ml/,$3.99
groceries,limited-time-only,Masterfoods Mild American Mustard 250g,https://www.aldi.com.au/fileadmin/_processed_/f/2/csm_ALN3635_LTO_W42_1x1_228x128_4_c13f394814.jpg,https://www.aldi.com.au/en/groceries/limited-time-only/limited-time-only-detail/ps/p/masterfoods-mild-american-mustard-250g/,$2.99
groceries,limited-time-only,Masterfoods Hot Chilli Sauce 250ml,https://www.aldi.com.au/fileadmin/_processed_/0/3/csm_ALN3635_LTO_W42_1x1_228x128_5_f71abe5378.jpg,https://www.aldi.com.au/en/groceries/limited-time-only/limited-time-only-detail/ps/p/masterfoods-hot-chilli-sauce-250ml/,$2.29
groceries,limited-time-only,Colway Worcestershire Sauce 250ml,https://www.aldi.com.au/fileadmin/_processed_/6/f/csm_ALN3635_LTO_W42_1x1_228x128_6_1b44922a72.jpg,https://www.aldi.com.au/en/groceries/limited-time-only/limited-time-only-detail/ps/p/colway-worcestershire-sauce-250ml/,$1.99
groceries,limited-time-only,Praise Flavoured Mayonnaise 250ml,https://www.aldi.com.au/fileadmin/_processed_/9/6/csm_ALN3635_LTO_W42_1x1_228x128_7_667989fd62.jpg,https://www.aldi.com.au/en/groceries/limited-time-only/limited-time-only-detail/ps/p/praise-flavoured-mayonnaise-250ml/,$2.99
groceries,limited-time-only,World Kitchen Chicken Thigh with Chat Potatoes Meal 350g,https://www.aldi.com.au/fileadmin/_processed_/b/5/csm_ALN3635_LTO_W42_1x1_228x128_8_883812dc34.jpg,https://www.aldi.com.au/en/groceries/limited-time-only/limited-time-only-detail/ps/p/world-kitchen-chicken-thigh-with-chat-potatoes-mea/,$7.99
groceries,price-reductions,Killarnee Lamb Shanks per kg,https://www.aldi.com.au/fileadmin/_processed_/b/4/csm_ALN3401-20_REDUCTIONS_FUTURE-PRICE-_RND20__1x1_228x128_013f586bc5.jpg,https://www.aldi.com.au/en/groceries/price-reductions/reductions-detail/ps/p/killarnee-lamb-shanks-per-kg-1/,$11.99
groceries,new-to-aldi,Urban Eats Dumplings Family Pack 20pk/625g,https://www.aldi.com.au/fileadmin/_processed_/b/9/csm_ALN3478-2_NEW__B2__1x1_228x128__bfd0766859.jpg,https://www.aldi.com.au/en/groceries/new-to-aldi/new-to-aldi-detail/ps/p/urban-eats-dumplings-family-pack-20pk625g-1/,$9.99
groceries,limited-time-only,World Kitchen Tomato Vodka Pasta Sauce 250g,https://www.aldi.com.au/fileadmin/_processed_/c/5/csm_ALN3635_LTO_W42_1x1_228x128_9_e9adfe0c77.jpg,https://www.aldi.com.au/en/groceries/limited-time-only/limited-time-only-detail/ps/p/world-kitchen-tomato-vodka-pasta-sauce-250g/,$3.49
groceries,limited-time-only,World Kitchen Roast Duck Ravioli 350g,https://www.aldi.com.au/fileadmin/_processed_/0/1/csm_ALN3635_LTO_W42_1x1_228x128_10_54bfa34495.jpg,https://www.aldi.com.au/en/groceries/limited-time-only/limited-time-only-detail/ps/p/world-kitchen-roast-duck-ravioli-350g/,$4.99
groceries,limited-time-only,World Kitchen Beef Tortellini Mexican Style 625g,https://www.aldi.com.au/fileadmin/_processed_/d/2/csm_ALN3635_LTO_W42_1x1_228x128_11_01f69db76f.jpg,https://www.aldi.com.au/en/groceries/limited-time-only/limited-time-only-detail/ps/p/world-kitchen-beef-tortellini-mexican-style-625g/,$3.69
groceries,limited-time-only,Pikt & Chopt Herb Pouches 75g,https://www.aldi.com.au/fileadmin/_processed_/9/f/csm_ALN3635_LTO_W42_1x1_228x128_12_d2125b5e2b.jpg,https://www.aldi.com.au/en/groceries/limited-time-only/limited-time-only-detail/ps/p/pikt-chopt-herb-pouches-75g/,$2.99
groceries,price-reductions,Just Organic Passata 690g,https://www.aldi.com.au/fileadmin/_processed_/3/8/csm_ALN3401-19_REDUCTIONS_FUTURE-PRICE-_RND19__1x1_228x128__7fddd013e5.jpg,https://www.aldi.com.au/en/groceries/price-reductions/reductions-detail/ps/p/just-organic-passata-690g-2/,$1$1.
groceries,price-reductions,Willowton Free Range Chicken Tenderloins 1kg,https://www.aldi.com.au/fileadmin/_processed_/7/f/csm_ALN3401-19_REDUCTIONS_FUTURE-PRICE-_RND19__1x1_228x128_2_e9b1ca5d4f.jpg,https://www.aldi.com.au/en/groceries/price-reductions/reductions-detail/ps/p/willowton-free-range-chicken-tenderloins-1kg/,9910
groceries,price-reductions,Power Force Active Gel Discs Toilet Gel Discs 75ml,https://www.aldi.com.au/fileadmin/_processed_/3/1/csm_ALN3401-18_REDUCTIONS_FUTURE-PRICE-_RND18__1x1_228x128__ba0292357f.jpg,https://www.aldi.com.au/en/groceries/price-reductions/reductions-detail/ps/p/power-force-active-gel-discs-toilet-gel-discs-75ml-1/,c$16.
groceries,price-reductions,Ocean Royale Atlantic Salmon Portions 1kg,https://www.aldi.com.au/fileadmin/_processed_/2/a/csm_ALN3401-18_REDUCTIONS_FUTURE-PRICE-_RND18__1x1_228x128_2_7462dd41af.jpg,https://www.aldi.com.au/en/groceries/price-reductions/reductions-detail/ps/p/ocean-royale-atlantic-salmon-portions-1kg/,4950
groceries,price-reductions,Ocean Royale Raw Prawn Cutlets 500g,https://www.aldi.com.au/fileadmin/_processed_/9/7/csm_ALN3401-18_REDUCTIONS_FUTURE-PRICE-_RND18__1x1_228x128_3_286fc2bf76.jpg,https://www.aldi.com.au/en/groceries/price-reductions/reductions-detail/ps/p/ocean-royale-raw-prawn-cutlets-500g/,c$4.
groceries,price-reductions,Farmdale Lactose Free Milk 1L,https://www.aldi.com.au/fileadmin/_processed_/1/a/csm_ALN3401-18_REDUCTIONS_FUTURE-PRICE-_RND18__1x1_228x128_4_8848e3e645.jpg,https://www.aldi.com.au/en/groceries/price-reductions/reductions-detail/ps/p/farmdale-lactose-free-milk-1l-1/,7920
groceries,price-reductions,Farmdale Condensed Milk 397g,https://www.aldi.com.au/fileadmin/_processed_/6/4/csm_ALN3401-18_REDUCTIONS_FUTURE-PRICE-_RND18__1x1_228x128_5_4cc2b1af7f.jpg,https://www.aldi.com.au/en/groceries/price-reductions/reductions-detail/ps/p/farmdale-condensed-milk-397g/,c$22.
groceries,price-reductions,The Cake Stall Muffins 480g/4pk,https://www.aldi.com.au/fileadmin/_processed_/6/e/csm_ALN3401-17_REDUCTIONS_FUTURE-PRICE-_RND17__1x1_228x128__e855728952.jpg,https://www.aldi.com.au/en/groceries/price-reductions/reductions-detail/ps/p/the-cake-stall-muffins-480g4pk/,99$1
groceries,price-reductions,The Cake Stall Muffins 480g/4pk,https://www.aldi.com.au/fileadmin/_processed_/2/e/csm_ALN3401-17_REDUCTIONS_FUTURE-PRICE-_RND17__1x1_228x128_2_2d2c0b35b4.jpg,https://www.aldi.com.au/en/groceries/price-reductions/reductions-detail/ps/p/the-cake-stall-muffins-480g4pk-1/,$12.99
groceries,price-reductions,Willowton Free Range Chicken Breast Fillets 1kg,https://www.aldi.com.au/fileadmin/_processed_/c/3/csm_ALN3401-17_REDUCTIONS_FUTURE-PRICE-_RND17__1x1_228x128_3_2e67c2639a.jpg,https://www.aldi.com.au/en/groceries/price-reductions/reductions-detail/ps/p/willowton-free-range-chicken-breast-fillets-1kg/,$1$1.
groceries,new-to-aldi,Urban Eats Bao Buns 8pk/256g,https://www.aldi.com.au/fileadmin/_processed_/5/8/csm_ALN3478-2_NEW__B2__1x1_228x128_2_0226d51210.jpg,https://www.aldi.com.au/en/groceries/new-to-aldi/new-to-aldi-detail/ps/p/urban-eats-bao-buns-8pk256g/,$3.69
groceries,new-to-aldi,Forresters Roasted & Salted Peanuts 750g,https://www.aldi.com.au/fileadmin/_processed_/f/7/csm_ALN3478-2_NEW__B2__1x1_228x128_4_160733d980.jpg,https://www.aldi.com.au/en/groceries/new-to-aldi/new-to-aldi-detail/ps/p/forresters-roasted-salted-peanuts-750g/,$2.99
groceries,new-to-aldi,Deli Originals Fresh Garlic Dip 200g,https://www.aldi.com.au/fileadmin/_processed_/a/a/csm_ALN3478-2_NEW__B3__1x1_228x128__2a8e95d82a.jpg,https://www.aldi.com.au/en/groceries/new-to-aldi/new-to-aldi-detail/ps/p/deli-originals-fresh-garlic-dip-200g/,$1$2.
groceries,new-to-aldi,Lodge Farms Large Free Range Eggs 18pk/900g,https://www.aldi.com.au/fileadmin/_processed_/0/3/csm_ALN3478-2_NEW__B3__1x1_228x128_2_f843e15ba9.jpg,https://www.aldi.com.au/en/groceries/new-to-aldi/new-to-aldi-detail/ps/p/lodge-farms-large-free-range-eggs-18pk900g/,79$5.
groceries,new-to-aldi,Cachet Gourmet Cat Food Fish 85g,https://www.aldi.com.au/fileadmin/_processed_/f/5/csm_ALN3478-2_NEW__B3__1x1_228x128_5_3bf31854bf.jpg,https://www.aldi.com.au/en/groceries/new-to-aldi/new-to-aldi-detail/ps/p/cachet-gourmet-cat-food-fish-85g/,4979
groceries,new-to-aldi,Choceur Cookies & Cream Chocolate Block 180g,https://www.aldi.com.au/fileadmin/_processed_/a/a/csm_ALN3478-2_NEW__B3__1x1_228x128_6_99b91817ff.jpg,https://www.aldi.com.au/en/groceries/new-to-aldi/new-to-aldi-detail/ps/p/choceur-cookies-cream-chocolate-block-180g-1/,c$1.
groceries,new-to-aldi,Choceur Peanut & Crunchy Flakes Chocolate Block 200g,https://www.aldi.com.au/fileadmin/_processed_/5/1/csm_ALN3478-2_NEW__B3__1x1_228x128_7_9d3333b67b.jpg,https://www.aldi.com.au/en/groceries/new-to-aldi/new-to-aldi-detail/ps/p/choceur-peanut-crunchy-flakes-chocolate-block-200g/,99$1
groceries,new-to-aldi,The Soup Co. Pouched Soups 400g,https://www.aldi.com.au/fileadmin/_processed_/f/6/csm_ALN3478-NEW_1x1_228x128_2_a7984bb40f.jpg,https://www.aldi.com.au/en/groceries/new-to-aldi/new-to-aldi-detail/ps/p/the-soup-co-pouched-soups-400g/,$1.99
groceries,new-to-aldi,The Soup Co. Authentic Cup of Soup 100g,https://www.aldi.com.au/fileadmin/_processed_/5/4/csm_ALN3478-NEW_1x1_228x128_3_be45fe487c.jpg,https://www.aldi.com.au/en/groceries/new-to-aldi/new-to-aldi-detail/ps/p/the-soup-co-authentic-cup-of-soup-100g/,$1$2.
groceries,new-to-aldi,World Kitchen Chunky Angus Beef Pie 700g,https://www.aldi.com.au/fileadmin/_processed_/0/c/csm_ALN3478-NEW_1x1_228x128_5_5cab5bb8bb.jpg,https://www.aldi.com.au/en/groceries/new-to-aldi/new-to-aldi-detail/ps/p/world-kitchen-chunky-angus-beef-pie-700g/,4999
groceries,new-to-aldi,New Season Whole Champignons 425g,https://www.aldi.com.au/fileadmin/_processed_/9/b/csm_ALN3478-NEW_1x1_228x128_8_cd92585413.jpg,https://www.aldi.com.au/en/groceries/new-to-aldi/new-to-aldi-detail/ps/p/new-season-whole-champignons-425g/,c30
groceries,new-to-aldi,Knoppers Coconut 8pk/200g,https://www.aldi.com.au/fileadmin/_processed_/7/c/csm_ALN3478-NEW_1x1_228x128_10_7ed6ef98f6.jpg,https://www.aldi.com.au/en/groceries/new-to-aldi/new-to-aldi-detail/ps/p/knoppers-coconut-8pk200g/,c$8.
groceries,new-to-aldi,Expressi Coffee Capsules 16pk,https://www.aldi.com.au/fileadmin/_processed_/f/5/csm_ALN3478-NEW_1x1_228x128_20_9569ca4be4.jpg,https://www.aldi.com.au/en/groceries/new-to-aldi/new-to-aldi-detail/ps/p/expressi-coffee-capsules-16pk/,99$1.
groceries,price-reductions,"Ready, Set…Cook! Boneless Butterflied Chicken 1kg",https://www.aldi.com.au/fileadmin/_processed_/6/4/csm_ALN3401-17_REDUCTIONS_FUTURE-PRICE-_RND17__1x1_228x128_4_2d50c3a8b2.jpg,https://www.aldi.com.au/en/groceries/price-reductions/reductions-detail/ps/p/ready-setcook-boneless-butterflied-chicken-1kg/,4910
groceries,price-reductions,Emporium Selection Dutch Cheese 230g/265g,https://www.aldi.com.au/fileadmin/_processed_/f/0/csm_ALN3401-16_REDUCTIONS_FUTURE-PRICE-_RND16__1x1_228x128__93121141c1.jpg,https://www.aldi.com.au/en/groceries/price-reductions/reductions-detail/ps/p/emporium-selection-dutch-cheese-230g265g/,c$1.
groceries,price-reductions,Emporium Selection Dutch Cheese 200g/260g,https://www.aldi.com.au/fileadmin/_processed_/8/a/csm_ALN3401-16_REDUCTIONS_FUTURE-PRICE-_RND16__1x1_228x128_2_e4d5f41776.jpg,https://www.aldi.com.au/en/groceries/price-reductions/reductions-detail/ps/p/emporium-selection-dutch-cheese-200g260g/,3910
groceries,price-reductions,Ocean Royale Barramundi Portions 1kg,https://www.aldi.com.au/fileadmin/_processed_/9/2/csm_ALN3401-15_REDUCTIONS_FUTURE-PRICE-_RND15__1x1_228x128__0f23490e2c.jpg,https://www.aldi.com.au/en/groceries/price-reductions/reductions-detail/ps/p/ocean-royale-barramundi-portions-1kg-2/,c$2.
groceries,price-reductions,Ocean Rise Premium Red Salmon 210g,https://www.aldi.com.au/fileadmin/_processed_/c/3/csm_ALN3401-15_REDUCTIONS_FUTURE-PRICE-_RND15__1x1_228x128_2_29b7a71ba5.jpg,https://www.aldi.com.au/en/groceries/price-reductions/reductions-detail/ps/p/ocean-rise-premium-red-salmon-210g/,8910
groceries,price-reductions,SAN-I-PET Cat Litter Clumping 10kg,https://www.aldi.com.au/fileadmin/_processed_/e/a/csm_ALN3401-15_REDUCTIONS_FUTURE-PRICE-_RND15__1x1_228x128_4_8bf9c807b3.jpg,https://www.aldi.com.au/en/groceries/price-reductions/reductions-detail/ps/p/san-i-pet-cat-litter-clumping-10kg/,c$2.
groceries,price-reductions,Farmdale Lactose Free Milk 1L,https://www.aldi.com.au/fileadmin/_processed_/4/1/csm_ALN3401-15_REDUCTIONS_FUTURE-PRICE-_RND15__1x1_228x128_7_48bed16dbb.jpg,https://www.aldi.com.au/en/groceries/price-reductions/reductions-detail/ps/p/farmdale-lactose-free-milk-1l/,8910
groceries,price-reductions,Westacre Spreadable Cream Cheese 250g,https://www.aldi.com.au/fileadmin/_processed_/1/5/csm_ALN3401-15_REDUCTIONS_FUTURE-PRICE-_RND15__1x1_228x128_8_c1e56beff5.jpg,https://www.aldi.com.au/en/groceries/price-reductions/reductions-detail/ps/p/westacre-spreadable-cream-cheese-250g/,c$11.
groceries,price-reductions,Emporium Selection Brie Cheese 125g,https://www.aldi.com.au/fileadmin/_processed_/6/f/csm_ALN3401-15_REDUCTIONS_FUTURE-PRICE-_RND15__1x1_228x128_9_733ed5336b.jpg,https://www.aldi.com.au/en/groceries/price-reductions/reductions-detail/ps/p/emporium-selection-brie-cheese-125g/,4950
groceries,price-reductions,Remano Italian Diced Tomatoes 400g,https://www.aldi.com.au/fileadmin/_processed_/0/d/csm_ALN3401-15_REDUCTIONS_FUTURE-PRICE-_RND15__1x1_228x128_10_62654eb9a9.jpg,https://www.aldi.com.au/en/groceries/price-reductions/reductions-detail/ps/p/remano-italian-diced-tomatoes-400g-1/,c$9.
groceries,price-reductions,Power Force Multi Purpose Sponge Scourer 5pk,https://www.aldi.com.au/fileadmin/_processed_/a/5/csm_ALN3401-15_REDUCTIONS_FUTURE-PRICE-_RND15__1x1_228x128_11_9cd91226f5.jpg,https://www.aldi.com.au/en/groceries/price-reductions/reductions-detail/ps/p/power-force-multi-purpose-sponge-scourer-5pk/,4950
groceries,price-reductions,Farmdale Butter Milk 600ml,https://www.aldi.com.au/fileadmin/_processed_/9/f/csm_ALN3401-15_REDUCTIONS_FUTURE-PRICE-_RND15__1x1_228x128_12_055e9444ef.jpg,https://www.aldi.com.au/en/groceries/price-reductions/reductions-detail/ps/p/farmdale-butter-milk-600ml/,c$2.
groceries,price-reductions,Remano Pesto Basil 190g,https://www.aldi.com.au/fileadmin/_processed_/c/f/csm_ALN3401-15_REDUCTIONS_FUTURE-PRICE-_RND15__1x1_228x128_13_c6cc984fc9.jpg,https://www.aldi.com.au/en/groceries/price-reductions/reductions-detail/ps/p/remano-pesto-basil-190g/,99$1
groceries,new-to-aldi,Belmont Biscuit Co. Cookies & Crème 154g,https://www.aldi.com.au/fileadmin/_processed_/d/9/csm_ALN3478-NEW_1x1_228x128_31_36335cfc55.jpg,https://www.aldi.com.au/en/groceries/new-to-aldi/new-to-aldi-detail/ps/p/belmont-biscuit-co-cookies-creme-154g/,29$2.
groceries,new-to-aldi,Belmont Biscuit Co. Nice Biscuits 250g,https://www.aldi.com.au/fileadmin/_processed_/4/5/csm_ALN3478-NEW_1x1_228x128_23_2faa4d118d.jpg,https://www.aldi.com.au/en/groceries/new-to-aldi/new-to-aldi-detail/ps/p/belmont-biscuit-co-nice-biscuits-250g/,99$5.
groceries,new-to-aldi,Belmont Biscuit Co. Chocolate Coconut Cookies 185g,https://www.aldi.com.au/fileadmin/_processed_/8/3/csm_ALN3478-NEW_1x1_228x128_24_d2a23dfbe3.jpg,https://www.aldi.com.au/en/groceries/new-to-aldi/new-to-aldi-detail/ps/p/belmont-biscuit-co-chocolate-coconut-cookies-185g/,9999
groceries,new-to-aldi,Bisca Danish Butter Cookies 375g,https://www.aldi.com.au/fileadmin/_processed_/8/2/csm_ALN3478-NEW_1x1_228x128_25_d6d0f18c2d.jpg,https://www.aldi.com.au/en/groceries/new-to-aldi/new-to-aldi-detail/ps/p/bisca-danish-butter-cookies-375g/,c30
groceries,price-reductions,Remano Pesto Sundried Tomato 190g,https://www.aldi.com.au/fileadmin/_processed_/f/2/csm_ALN3401-15_REDUCTIONS_FUTURE-PRICE-_RND15__1x1_228x128_14_307f93d12b.jpg,https://www.aldi.com.au/en/groceries/price-reductions/reductions-detail/ps/p/remano-pesto-sundried-tomato-190g/,$2.99
groceries,price-reductions,Power Force Pro Glass Cleaner 750ml,https://www.aldi.com.au/fileadmin/_processed_/b/6/csm_ALN3401-15_REDUCTIONS_FUTURE-PRICE-_RND15__1x1_228x128_15_7e8091af83.jpg,https://www.aldi.com.au/en/groceries/price-reductions/reductions-detail/ps/p/power-force-pro-glass-cleaner-750ml-1/,$1$17.
groceries,price-reductions,White Mill Bread Crumbs 500g,https://www.aldi.com.au/fileadmin/_processed_/8/4/csm_ALN3401-15_REDUCTIONS_FUTURE-PRICE-_RND15__1x1_228x128_16_f8507e8cd8.jpg,https://www.aldi.com.au/en/groceries/price-reductions/reductions-detail/ps/p/white-mill-bread-crumbs-500g-1/,99$1
groceries,price-reductions,Just Organic Tomato Paste 140g,https://www.aldi.com.au/fileadmin/_processed_/f/f/csm_ALN3401-15_REDUCTIONS_FUTURE-PRICE-_RND15__1x1_228x128_17_a013c13156.jpg,https://www.aldi.com.au/en/groceries/price-reductions/reductions-detail/ps/p/just-organic-tomato-paste-140g-1/,$4.99
groceries,price-reductions,Essential Health Paw Paw Ointment 25g,https://www.aldi.com.au/fileadmin/_processed_/e/d/csm_ALN3401-14_REDUCTIONS_FUTURE-PRICE-_RND14-W40__1x1_228x128__efe1136761.jpg,https://www.aldi.com.au/en/groceries/price-reductions/reductions-detail/ps/p/essential-health-paw-paw-ointment-25g-2/,50c
groceries,price-reductions,Julius Dog Treats 2pk or 4pk,https://www.aldi.com.au/fileadmin/_processed_/1/d/csm_ALN3401-14_REDUCTIONS_FUTURE-PRICE-_RND14-W40__1x1_228x128_2_bd1bf904bf.jpg,https://www.aldi.com.au/en/groceries/price-reductions/reductions-detail/ps/p/julius-dog-treats-2pk-or-4pk/,$5.59
groceries,price-reductions,Just Organic Apple Cider Vinegar 500ml,https://www.aldi.com.au/fileadmin/_processed_/6/b/csm_ALN3401-14_REDUCTIONS_FUTURE-PRICE-_RND14-W40__1x1_228x128_3_76922bca87.jpg,https://www.aldi.com.au/en/groceries/price-reductions/reductions-detail/ps/p/just-organic-apple-cider-vinegar-500ml-3/,20c
groceries,price-reductions,Hillcrest Nut Bars 6 Pack/225g,https://www.aldi.com.au/fileadmin/_processed_/5/a/csm_ALN3401-14_REDUCTIONS_FUTURE-PRICE-_RND14-W40__1x1_228x128_14_3541408b07.jpg,https://www.aldi.com.au/en/groceries/price-reductions/reductions-detail/ps/p/hillcrest-nut-bars-6-pack225g/,$1.49
groceries,price-reductions,Piatti Fresh 9 Slice Garlic Bread 270g,https://www.aldi.com.au/fileadmin/_processed_/2/3/csm_ALN3401-14_REDUCTIONS_FUTURE-PRICE-_RND14-W40__1x1_228x128_6_67fed68e86.jpg,https://www.aldi.com.au/en/groceries/price-reductions/reductions-detail/ps/p/piatti-fresh-9-slice-garlic-bread-270g/,10c
groceries,price-reductions,Emporium Selection Smooth Ricotta 375g,https://www.aldi.com.au/fileadmin/_processed_/a/6/csm_ALN3401-14_REDUCTIONS_FUTURE-PRICE-_RND14-W40__1x1_228x128_7_f9eeb01680.jpg,https://www.aldi.com.au/en/groceries/price-reductions/reductions-detail/ps/p/emporium-selection-smooth-ricotta-375g-3/,$2.39
groceries,price-reductions,Di San Laundry Sanitiser 1L,https://www.aldi.com.au/fileadmin/_processed_/3/6/csm_ALN3401-14_REDUCTIONS_FUTURE-PRICE-_RND14-W40__1x1_228x128_8_0fa052a6d2.jpg,https://www.aldi.com.au/en/groceries/price-reductions/reductions-detail/ps/p/di-san-laundry-sanitiser-1l-2/,10c
groceries,price-reductions,Has No Gluten Free Coconut Macaroon 160g,https://www.aldi.com.au/fileadmin/_processed_/e/7/csm_ALN3401-14_REDUCTIONS_FUTURE-PRICE-_RND14-W40__1x1_228x128_10_aff13f483f.jpg,https://www.aldi.com.au/en/groceries/price-reductions/reductions-detail/ps/p/has-no-gluten-free-coconut-macaroon-160g/,$2.69
groceries,price-reductions,Hillcrest Fruity Filled Bars 6 Pack/225g,https://www.aldi.com.au/fileadmin/_processed_/0/3/csm_ALN3401-14_REDUCTIONS_FUTURE-PRICE-_RND14-W40__1x1_228x128_4_dc7f345163.jpg,https://www.aldi.com.au/en/groceries/price-reductions/reductions-detail/ps/p/hillcrest-fruity-filled-bars-6-pack225g/,10c
groceries,price-reductions,Seasons Pride Potato Jewels 1kg,https://www.aldi.com.au/fileadmin/_processed_/c/8/csm_ALN3401-14_REDUCTIONS_FUTURE-PRICE-_RND14-W40__1x1_228x128_11_2d7f64483d.jpg,https://www.aldi.com.au/en/groceries/price-reductions/reductions-detail/ps/p/seasons-pride-potato-jewels-1kg-1/,99c
groceries,price-reductions,Anco Soft Frabric Softener 1L,https://www.aldi.com.au/fileadmin/_processed_/2/5/csm_ALN3401-14_REDUCTIONS_FUTURE-PRICE-_RND14-W40__1x1_228x128_12_9e98766300.jpg,https://www.aldi.com.au/en/groceries/price-reductions/reductions-detail/ps/p/anco-soft-frabric-softener-1l/,10c
groceries,price-reductions,Market Fare Corn Kernels 1kg,https://www.aldi.com.au/fileadmin/_processed_/b/e/csm_ALN3401-14_REDUCTIONS_FUTURE-PRICE-_RND14-W40__1x1_228x128_13_7cfc3f07bd.jpg,https://www.aldi.com.au/en/groceries/price-reductions/reductions-detail/ps/p/market-fare-corn-kernels-1kg-2/,$1.89
groceries,price-reductions,Farmwood Tempura Chicken Nuggets 400g,https://www.aldi.com.au/fileadmin/_processed_/2/7/csm_ALN3401-13_REDUCTIONS_FUTURE-PRICE-_RND13-W39__1x1_228x128__1853cdcbdb.jpg,https://www.aldi.com.au/en/groceries/price-reductions/reductions-detail/ps/p/farmwood-tempura-chicken-nuggets-400g/,10c
groceries,price-reductions,Mamia Fruit & Oat Bars 90g,https://www.aldi.com.au/fileadmin/_processed_/7/b/csm_ALN3401-13_REDUCTIONS_FUTURE-PRICE-_RND13-W39__1x1_228x128_2_c5784f0ccb.jpg,https://www.aldi.com.au/en/groceries/price-reductions/reductions-detail/ps/p/mamia-fruit-oat-bars-90g/,$1.99
groceries,price-reductions,Colway Squeezy Mayonnaise 475g/535g,https://www.aldi.com.au/fileadmin/_processed_/1/e/csm_ALN3401-12_REDUCTIONS_FUTURE-PRICE-_RND12-W38__1x1_228x128__8ee501f45b.jpg,https://www.aldi.com.au/en/groceries/price-reductions/reductions-detail/ps/p/colway-squeezy-mayonnaise-475g535g-1/,10c
groceries,price-reductions,Dairy Dream Greek Style Yogurt 750g/6pk,https://www.aldi.com.au/fileadmin/_processed_/7/e/csm_ALN3401-12_REDUCTIONS_FUTURE-PRICE-_RND12-W38__1x1_228x128_2_892d2a0d23.jpg,https://www.aldi.com.au/en/groceries/price-reductions/reductions-detail/ps/p/dairy-dream-greek-style-yogurt-750g6pk/,$1.79
groceries,price-reductions,Power Force Pro Disinfectant Wipes 120pk,https://www.aldi.com.au/fileadmin/_processed_/7/d/csm_ALN3401-12_REDUCTIONS_FUTURE-PRICE-_RND12-W38__1x1_228x128_3_6250e7fc52.jpg,https://www.aldi.com.au/en/groceries/price-reductions/reductions-detail/ps/p/power-force-pro-disinfectant-wipes-120pk-1/,10c
groceries,price-reductions,Hillcrest Fruit Rolls 6pk/94g,https://www.aldi.com.au/fileadmin/_processed_/8/9/csm_ALN3401-12_REDUCTIONS_FUTURE-PRICE-_RND12-W38__1x1_228x128_4_d8acff9dee.jpg,https://www.aldi.com.au/en/groceries/price-reductions/reductions-detail/ps/p/hillcrest-fruit-rolls-6pk/,$1.79
groceries,price-reductions,Silvesters Cat Food 12x85g,https://www.aldi.com.au/fileadmin/_processed_/1/9/csm_ALN3401-12_REDUCTIONS_FUTURE-PRICE-_RND12-W38__1x1_228x128_5_9debf450e7.jpg,https://www.aldi.com.au/en/groceries/price-reductions/reductions-detail/ps/p/silvesters-cat-food-12x85g/,10c
groceries,price-reductions,Bakers Life Lower Carb High Protein Burger Buns 140g/2pk,https://www.aldi.com.au/fileadmin/_processed_/7/0/csm_ALN3401-11_REDUCTIONS_FUTURE-PRICE-_RND10__1x1_228x128__8996285e2f.jpg,https://www.aldi.com.au/en/groceries/price-reductions/reductions-detail/ps/p/bakers-life-lower-carb-high-protein-burger-buns-14/,$1.59
groceries,price-reductions,Sunnyvale Table Spread 1kg,https://www.aldi.com.au/fileadmin/_processed_/6/9/csm_ALN3401-9_REDUCTIONS_FUTURE-PRICE-_RND9__1x1_228x128_6_6c20f23198.jpg,https://www.aldi.com.au/en/groceries/price-reductions/reductions-detail/ps/p/sunnyvale-table-spread-1kg-1/,10c
groceries,price-reductions,Protane Shampoo 400ml,https://www.aldi.com.au/fileadmin/_processed_/5/7/csm_ALN3401-9_REDUCTIONS_FUTURE-PRICE-_RND9__1x1_228x128_2_0c03d3f89a.jpg,https://www.aldi.com.au/en/groceries/price-reductions/reductions-detail/ps/p/protane-shampoo-400ml/,$1.59
groceries,price-reductions,Protane Conditioner 400ml,https://www.aldi.com.au/fileadmin/_processed_/e/4/csm_ALN3401-9_REDUCTIONS_FUTURE-PRICE-_RND9__1x1_228x128_3_6d6e5ef5a5.jpg,https://www.aldi.com.au/en/groceries/price-reductions/reductions-detail/ps/p/protane-conditioner-400ml/,10c
groceries,price-reductions,Tricare Foam Soap 250ml,https://www.aldi.com.au/fileadmin/_processed_/0/d/csm_ALN3401-9_REDUCTIONS_FUTURE-PRICE-_RND9__1x1_228x128_4_8417f66a74.jpg,https://www.aldi.com.au/en/groceries/price-reductions/reductions-detail/ps/p/tricare-foam-soap-250ml/,95c
groceries,price-reductions,Bakers Life Turkish Bread 400g,https://www.aldi.com.au/fileadmin/_processed_/c/8/csm_ALN3401-10_REDUCTIONS_FUTURE-PRICE-_RND9-ADDITIONS__1x1_228x128__3593e3e0ea.jpg,https://www.aldi.com.au/en/groceries/price-reductions/reductions-detail/ps/p/bakers-life-turkish-bread-400g/,4c
groceries,price-reductions,Bakers Life Turkish Rolls 3pk/450g,https://www.aldi.com.au/fileadmin/_processed_/1/c/csm_ALN3401-10_REDUCTIONS_FUTURE-PRICE-_RND9-ADDITIONS__1x1_228x128_2_e4203af392.jpg,https://www.aldi.com.au/en/groceries/price-reductions/reductions-detail/ps/p/bakers-life-turkish-rolls-3pk450g/,$2.39
groceries,price-reductions,Jindurra Station Beef Rump Steak per kg,https://www.aldi.com.au/fileadmin/_processed_/6/a/csm_ALN3401-9_REDUCTIONS_FUTURE-PRICE-_RND9__1x1_228x128_5_528982334f.jpg,https://www.aldi.com.au/en/groceries/price-reductions/reductions-detail/ps/p/jindurra-station-beef-rump-steak-per-kg-3/,40c
groceries,price-reductions,Jindurra Station 3 Star Beef Mince per kg,https://www.aldi.com.au/fileadmin/_processed_/9/d/csm_ALN3401-7_REDUCTIONS_FUTURE-PRICE-_RND8__1x1_228x128_3_d85305c2d1.jpg,https://www.aldi.com.au/en/groceries/price-reductions/reductions-detail/ps/p/jindurra-station-3-star-beef-mince-per-kg/,$3.69
groceries,price-reductions,Ironbark Pork Mince 500g,https://www.aldi.com.au/fileadmin/_processed_/b/3/csm_ALN3401-7_REDUCTIONS_FUTURE-PRICE-_RND8__1x1_228x128__66170fb513.jpg,https://www.aldi.com.au/en/groceries/price-reductions/reductions-detail/ps/p/ironbark-pork-mince-500g-1/,30c
groceries,price-reductions,Jindurra Station 2 Star Beef Mince 500g,https://www.aldi.com.au/fileadmin/_processed_/8/2/csm_ALN3401-7_REDUCTIONS_FUTURE-PRICE-_RND8__1x1_228x128_2_b528f01381.jpg,https://www.aldi.com.au/en/groceries/price-reductions/reductions-detail/ps/p/jindurra-station-2-star-beef-mince-500g/,$3.19
groceries,price-reductions,Forresters Cashews - Roasted and Salted 750g,https://www.aldi.com.au/fileadmin/_processed_/7/b/csm_ALN3401-7_REDUCTIONS_FUTURE-PRICE-_RND8__1x1_228x128_4_8446ee25c9.jpg,https://www.aldi.com.au/en/groceries/price-reductions/reductions-detail/ps/p/forresters-cashews-roasted-and-salted-750g/,20c
groceries,price-reductions,Bakers Life Bagels 396g/4pk,https://www.aldi.com.au/fileadmin/_processed_/e/2/csm_ALN3401-7_REDUCTIONS_FUTURE-PRICE-_RND8__1x1_228x128_5_dd902e7c37.jpg,https://www.aldi.com.au/en/groceries/price-reductions/reductions-detail/ps/p/bakers-life-bagels-396g4pk/,$2.59
groceries,price-reductions,Mamia Baby Wipes Embossed Fragrance Free 80pk,https://www.aldi.com.au/fileadmin/_processed_/b/b/csm_ALN3388_REDUCTIONS_1x1_228x128_B2_29_c4525691e4.jpg,https://www.aldi.com.au/en/groceries/price-reductions/reductions-detail/ps/p/mamia-baby-wipes-embossed-fragrance-free-80pk-1/,20c
groceries,price-reductions,Yoguri High Protein Greek Style Yogurt 140g,https://www.aldi.com.au/fileadmin/_processed_/e/0/csm_ALN3447-3_REDUCTIONS_JULY_1x1_228x128__8eea685185.jpg,https://www.aldi.com.au/en/groceries/price-reductions/reductions-detail/ps/p/yoguri-high-protein-greek-style-yogurt-140g/,$2.89
groceries,price-reductions,Sweet Valley Fruit Snacks in Juice 500g,https://www.aldi.com.au/fileadmin/_processed_/1/e/csm_ALN3447-3_REDUCTIONS_JULY_1x1_228x128_4_978b23b62f.jpg,https://www.aldi.com.au/en/groceries/price-reductions/reductions-detail/ps/p/sweet-valley-fruit-snacks-in-juice-500g/,10c
groceries,price-reductions,White Mill Brownie Mix 500g,https://www.aldi.com.au/fileadmin/_processed_/b/6/csm_ALN3447-3_REDUCTIONS_JULY_1x1_228x128_5_37142f80bd.jpg,https://www.aldi.com.au/en/groceries/price-reductions/reductions-detail/ps/p/white-mill-brownie-mix-500g/,$2.79
groceries,price-reductions,Remano Oil Olive 1L,https://www.aldi.com.au/fileadmin/_processed_/e/d/csm_ALN3447-3_REDUCTIONS_JULY_1x1_228x128_6_15d22dafbc.jpg,https://www.aldi.com.au/en/groceries/price-reductions/reductions-detail/ps/p/remano-oil-olive-1l/,10c
groceries,price-reductions,PICK’D Fruitism Fruit Smoothie 1L,https://www.aldi.com.au/fileadmin/_processed_/d/7/csm_ALN3447-3_REDUCTIONS_JULY_1x1_228x128_7_2b8e2db805.jpg,https://www.aldi.com.au/en/groceries/price-reductions/reductions-detail/ps/p/pickd-fruitism-fruit-smoothie-1l/,$3.79
groceries,price-reductions,Solesta Orange Drink 4L,https://www.aldi.com.au/fileadmin/_processed_/c/4/csm_ALN3447-3_REDUCTIONS_JULY_1x1_228x128_8_5d889bad77.jpg,https://www.aldi.com.au/en/groceries/price-reductions/reductions-detail/ps/p/solesta-orange-drink-4l/,10c
groceries,price-reductions,Farmdale Evaporated Milk 384ml,https://www.aldi.com.au/fileadmin/_processed_/d/9/csm_ALN3447-3_REDUCTIONS_JULY_1x1_228x128_9_c3261d0a26.jpg,https://www.aldi.com.au/en/groceries/price-reductions/reductions-detail/ps/p/farmdale-evaporated-milk-384ml/,$2.39
groceries,price-reductions,Solesta Orange & Mango Drink 2L,https://www.aldi.com.au/fileadmin/_processed_/3/7/csm_ALN3447-3_REDUCTIONS_JULY_1x1_228x128_10_9c742f7e48.jpg,https://www.aldi.com.au/en/groceries/price-reductions/reductions-detail/ps/p/solesta-orange-mango-drink-2l/,10c
groceries,price-reductions,World Kitchen Lasagne 1.2kg,https://www.aldi.com.au/fileadmin/_processed_/c/5/csm_ALN3447-3_REDUCTIONS_JULY_1x1_228x128_11_ebd4b4a4ac.jpg,https://www.aldi.com.au/en/groceries/price-reductions/reductions-detail/ps/p/world-kitchen-lasagne/,$2.29
groceries,price-reductions,Bramwells Mixed Blossom Honey 375g,https://www.aldi.com.au/fileadmin/_processed_/0/4/csm_ALN3447-3_REDUCTIONS_JULY_1x1_228x128_12_d990af0ea7.jpg,https://www.aldi.com.au/en/groceries/price-reductions/reductions-detail/ps/p/bramwells-mixed-blossom-honey-375g/,10c
groceries,price-reductions,Solesta Orange & Passionfruit Fruit Drink 2L,https://www.aldi.com.au/fileadmin/_processed_/c/4/csm_ALN3447-3_REDUCTIONS_JULY_1x1_228x128_13_a238425d77.jpg,https://www.aldi.com.au/en/groceries/price-reductions/reductions-detail/ps/p/solesta-orange-passionfruit-fruit-drink-2l/,$2.59
groceries,price-reductions,Ombra Sunscreen SPF50+ 100ml,https://www.aldi.com.au/fileadmin/_processed_/a/9/csm_ALN3447-3_REDUCTIONS_JULY_1x1_228x128_14_9f52c56c33.jpg,https://www.aldi.com.au/en/groceries/price-reductions/reductions-detail/ps/p/ombra-sunscreen-spf50-100ml/,10c
groceries,price-reductions,Forresters Raw Cashews 750g,https://www.aldi.com.au/fileadmin/_processed_/3/c/csm_ALN3447-3_REDUCTIONS_JULY_1x1_228x128_15_5f72c695e2.jpg,https://www.aldi.com.au/en/groceries/price-reductions/reductions-detail/ps/p/forresters-raw-cashews/,$3.49
groceries,price-reductions,Forresters Raw Walnuts 500g,https://www.aldi.com.au/fileadmin/_processed_/d/d/csm_ALN3447-3_REDUCTIONS_JULY_1x1_228x128_16_90d8471993.jpg,https://www.aldi.com.au/en/groceries/price-reductions/reductions-detail/ps/p/forresters-raw-walnuts-500g/,10c
groceries,price-reductions,Forresters Almond Meal 400g,https://www.aldi.com.au/fileadmin/_processed_/7/b/csm_ALN3447-3_REDUCTIONS_JULY_1x1_228x128_17_e8e8af85e4.jpg,https://www.aldi.com.au/en/groceries/price-reductions/reductions-detail/ps/p/forresters-almond-meal-400g/,$2.49
groceries,price-reductions,Uncle Toby's Oats Sachets 12pk/420g,https://www.aldi.com.au/fileadmin/_processed_/8/7/csm_ALN3401-6_REDUCTIONS_FUTURE-PRICE-_RND7__1x1_228x128_1_5258409c40.jpg,https://www.aldi.com.au/en/groceries/price-reductions/reductions-detail/ps/p/uncle-tobys-oats-sachets-12pk420g/,10c
groceries,price-reductions,Hillcrest Protein Bars 5pk/200g,https://www.aldi.com.au/fileadmin/_processed_/9/5/csm_ALN3401-5_REDUCTIONS_FUTURE-PRICE-_RND6__1x1_228x128_65ef05b941.jpg,https://www.aldi.com.au/en/groceries/price-reductions/reductions-detail/ps/p/hillcrest-protein-bars-5pk/,$3.39
groceries,price-reductions,Mamia Nappy Pants Walker 26pk,https://www.aldi.com.au/fileadmin/_processed_/a/4/csm_ALN3401-4_REDUCTIONS_FUTURE-PRICE-_RND5__1x1_228x128_3_4388d3313e.jpg,https://www.aldi.com.au/en/groceries/price-reductions/reductions-detail/ps/p/mamia-nappy-pants-walker-26pk/,20c
groceries,price-reductions,Mamia Nappy Pants Junior 24pk,https://www.aldi.com.au/fileadmin/_processed_/a/c/csm_ALN3401-4_REDUCTIONS_FUTURE-PRICE-_RND5__1x1_228x128_4_74f39e4fa1.jpg,https://www.aldi.com.au/en/groceries/price-reductions/reductions-detail/ps/p/mamia-nappy-pants-junior-24pk/,$2.69
groceries,price-reductions,Goldenvale Just Bran 530g,https://www.aldi.com.au/fileadmin/_processed_/d/d/csm_ALN3401-2_REDUCTIONS_FUTURE-PRICE-_RND4__1x1_228x128__5f972760fb.jpg,https://www.aldi.com.au/en/groceries/price-reductions/reductions-detail/ps/p/goldenvale-just-bran-530g-1/,30c
groceries,price-reductions,Forresters Mixed Nuts 375g,https://www.aldi.com.au/fileadmin/_processed_/c/1/csm_ALN3401-2_REDUCTIONS_FUTURE-PRICE-_RND4__1x1_228x128_2_10d7388067.jpg,https://www.aldi.com.au/en/groceries/price-reductions/reductions-detail/ps/p/forresters-mixed-nuts-375g-1/,$2.59
groceries,price-reductions,Berg Short Cut Bacon Rindless 1kg,https://www.aldi.com.au/fileadmin/_processed_/3/0/csm_ALN3401-2_REDUCTIONS_FUTURE-PRICE-_RND4__1x1_228x128_3_4c38ff2a77.jpg,https://www.aldi.com.au/en/groceries/price-reductions/reductions-detail/ps/p/berg-short-cut-bacon-rindless-1kg-1/,20c
groceries,price-reductions,Food Envy Chocolate Mousse Plain or with Salted Caramel 2 x 62g,https://www.aldi.com.au/fileadmin/_processed_/e/4/csm_ALN3401-2_REDUCTIONS_FUTURE-PRICE-_RND4__1x1_228x128_7_6340aecc09.jpg,https://www.aldi.com.au/en/groceries/price-reductions/reductions-detail/ps/p/food-envy-chocolate-mousse-plain-or-with-salted-ca/,$4.69
groceries,price-reductions,Ocean Rise Yellowfin Tuna Chunks 425g,https://www.aldi.com.au/fileadmin/_processed_/e/3/csm_ALN3447-7_REDUCTIONS_JULY_1x1__B2__228x128_4_a40e353de8.jpg,https://www.aldi.com.au/en/groceries/price-reductions/reductions-detail/ps/p/ocean-rise-yellowfin-tuna-chunks-in-oil-425g/,30c
groceries,price-reductions,Oh So Natural Pine Nuts 100g,https://www.aldi.com.au/fileadmin/_processed_/b/5/csm_ALN3401-2_REDUCTIONS_FUTURE-PRICE-_RND4__1x1_228x128_10_1d5b9f732e.jpg,https://www.aldi.com.au/en/groceries/price-reductions/reductions-detail/ps/p/oh-so-natural-pine-nuts-100g/,$2.99
groceries,price-reductions,Forresters Cowboy Mix 500g,https://www.aldi.com.au/fileadmin/_processed_/1/e/csm_ALN3401-2_REDUCTIONS_FUTURE-PRICE-_RND4__1x1_228x128_11_687adb84b3.jpg,https://www.aldi.com.au/en/groceries/price-reductions/reductions-detail/ps/p/forresters-cowboy-mix-500g/,20c
groceries,price-reductions,Berg Middle Bacon 1kg,https://www.aldi.com.au/fileadmin/_processed_/5/c/csm_ALN3401-2_REDUCTIONS_FUTURE-PRICE-_RND4__1x1_228x128_12_e6c325bce3.jpg,https://www.aldi.com.au/en/groceries/price-reductions/reductions-detail/ps/p/berg-middle-bacon-1kg-2/,$2.99
groceries,price-reductions,Dairy Dream Yogurt Pouch 110g,https://www.aldi.com.au/fileadmin/_processed_/4/6/csm_ALN3447-7_REDUCTIONS_JULY_1x1__B2__228x128_6_5844fb1a91.jpg,https://www.aldi.com.au/en/groceries/price-reductions/reductions-detail/ps/p/dairy-dream-yogurt-pouch-110g/,20c
groceries,price-reductions,Grandessa Signature Jam Blueberry or Mixed Berry 370g,https://www.aldi.com.au/fileadmin/_processed_/7/c/csm_ALN3388_REDUCTIONS_1x1_228x128_B2_4_f4ec2de94a.jpg,https://www.aldi.com.au/en/groceries/price-reductions/reductions-detail/ps/p/grandessa-signature-jam-blueberry-or-mixed-berry-3/,$4.49
groceries,price-reductions,Grandessa Signature Jam Raspberry 370g,https://www.aldi.com.au/fileadmin/_processed_/9/1/csm_ALN3388_REDUCTIONS_1x1_228x128_B2_5_10d045d603.jpg,https://www.aldi.com.au/en/groceries/price-reductions/reductions-detail/ps/p/grandessa-signature-jam-raspberry-370g/,50c
groceries,price-reductions,Westacre Cheese Block Tasty Light 500g,https://www.aldi.com.au/fileadmin/_processed_/1/5/csm_ALN3388_REDUCTIONS_1x1_228x128_B2_6_271c31ef1e.jpg,https://www.aldi.com.au/en/groceries/price-reductions/reductions-detail/ps/p/westacre-cheese-block-tasty-light-500g/,$2.69
groceries,price-reductions,Westacre Cheese Block Tasty 500g,https://www.aldi.com.au/fileadmin/_processed_/d/5/csm_ALN3388_REDUCTIONS_1x1_228x128_B2_7_2b21e1fef5.jpg,https://www.aldi.com.au/en/groceries/price-reductions/reductions-detail/ps/p/westacre-cheese-block-tasty-500g/,30c
groceries,price-reductions,Westacre Cheese Block Extra Tasty 500g,https://www.aldi.com.au/fileadmin/_processed_/f/0/csm_ALN3388_REDUCTIONS_1x1_228x128_B2_8_80750a07a1.jpg,https://www.aldi.com.au/en/groceries/price-reductions/reductions-detail/ps/p/westacre-cheese-block-extra-tasty-500g/,$1.69
groceries,price-reductions,Sana Incontinence Pads 14pk/12pk/10pk,https://www.aldi.com.au/fileadmin/_processed_/3/3/csm_ALN3388_REDUCTIONS_1x1_228x128_B2_18_7de07f9f49.jpg,https://www.aldi.com.au/en/groceries/price-reductions/reductions-detail/ps/p/sana-incontinence-pads-14pk12pk10pk/,20c
groceries,price-reductions,Lodge Farms Free Range Eggs 600g,https://www.aldi.com.au/fileadmin/_processed_/9/8/csm_ALN3388_REDUCTIONS_1x1_228x128_B2_19_R_2984f5f291.jpg,https://www.aldi.com.au/en/groceries/price-reductions/reductions-detail/ps/p/lodge-farms-free-range-eggs-600g/,$2.99
groceries,price-reductions,Elmsbury Spinach & Ricotta Triangles 12pk/360g,https://www.aldi.com.au/fileadmin/_processed_/e/6/csm_ALN3388_REDUCTIONS_1x1_228x128_B2_20_3a42a2442a.jpg,https://www.aldi.com.au/en/groceries/price-reductions/reductions-detail/ps/p/elmsbury-spinach-ricotta-triangles-12pk360g/,50c
groceries,price-reductions,Natural Elements Pet Nutrition Grain Free Dog Food 100g,https://www.aldi.com.au/fileadmin/_processed_/4/c/csm_ALN3388_REDUCTIONS_1x1_228x128_B2_21_b02f11fbb7.jpg,https://www.aldi.com.au/en/groceries/price-reductions/reductions-detail/ps/p/natural-elements-pet-nutrition-grain-free-dog-food-1/,$2.99
groceries,price-reductions,Julius Dog Food 8kg,https://www.aldi.com.au/fileadmin/_processed_/a/8/csm_ALN3388_REDUCTIONS_1x1_228x128_B2_22_9f1f1cc3ba.jpg,https://www.aldi.com.au/en/groceries/price-reductions/reductions-detail/ps/p/julius-dog-food-8kg-1/,50c
groceries,price-reductions,Lacura Essentials BB Cream 50ml,https://www.aldi.com.au/fileadmin/_processed_/c/d/csm_ALN3388_REDUCTIONS_1x1_228x128_B4_28_c02370ee73.jpg,https://www.aldi.com.au/en/groceries/price-reductions/reductions-detail/ps/p/lacura-essentials-bb-cream-50ml/,$1.89
groceries,price-reductions,Ocean Royale Basa Fillets (Frozen) 1kg,https://www.aldi.com.au/fileadmin/_processed_/9/e/csm_ALN3425_REDUCTIONS__BASA-FILLETS__1x1_228x128_f4470b9180.jpg,https://www.aldi.com.au/en/groceries/price-reductions/reductions-detail/ps/p/ocean-royale-basa-fillets-frozen-1kg/,10c
groceries,price-reductions,The Cake Stall Banana Bread 5pk 500g,https://www.aldi.com.au/fileadmin/_processed_/6/1/csm_ALN3388_REDUCTIONS_1x1_228x128_B2_26_8c37999c36.jpg,https://www.aldi.com.au/en/groceries/price-reductions/reductions-detail/ps/p/the-cake-stall-banana-bread-5pk-500g/,$1.99
groceries,price-reductions,Just Organic Pitted Kalamata Olives 350g,https://www.aldi.com.au/fileadmin/_processed_/1/5/csm_ALN3388_REDUCTIONS_1x1_228x128_B2_27_193ac3b139.jpg,https://www.aldi.com.au/en/groceries/price-reductions/reductions-detail/ps/p/just-organic-pitted-kalamata-olives-350g/,30c
groceries,price-reductions,Ocean Royale Wild Raw Peeled Prawns 500g,https://www.aldi.com.au/fileadmin/_processed_/b/f/csm_ALN3388_REDUCTIONS_1x1_228x128_B4_1_95cc4cd535.jpg,https://www.aldi.com.au/en/groceries/price-reductions/reductions-detail/ps/p/ocean-royale-wild-raw-peeled-prawns-500g-1/,$1.99
groceries,price-reductions,Oh So Natural LSA or Linseed 250g-500g,https://www.aldi.com.au/fileadmin/_processed_/0/0/csm_ALN3388_REDUCTIONS_1x1_228x128_B4_3_4ce11f74a9.jpg,https://www.aldi.com.au/en/groceries/price-reductions/reductions-detail/ps/p/oh-so-natural-lsa-or-linseed-250g-500g/,30c
groceries,price-reductions,Just Organic Goji Berries 150g,https://www.aldi.com.au/fileadmin/_processed_/a/3/csm_ALN3388_REDUCTIONS_1x1_228x128_B4_4_e76a8b5422.jpg,https://www.aldi.com.au/en/groceries/price-reductions/reductions-detail/ps/p/just-organic-goji-berries-150g/,$14.99
groceries,price-reductions,Stonemill Black Peppercorn Grinder 50g,https://www.aldi.com.au/fileadmin/_processed_/b/e/csm_ALN3388_REDUCTIONS_1x1_228x128_B4_15_268ad8e459.jpg,https://www.aldi.com.au/en/groceries/price-reductions/reductions-detail/ps/p/stonemill-black-peppercorn-grinder-50g/,$4$9.
groceries,price-reductions,Stonemill Sea Salt Iodised Grinder 110g,https://www.aldi.com.au/fileadmin/_processed_/b/9/csm_ALN3388_REDUCTIONS_1x1_228x128_B4_16_677161300d.jpg,https://www.aldi.com.au/en/groceries/price-reductions/reductions-detail/ps/p/stonemill-sea-salt-iodised-grinder-110g/,99$1
groceries,price-reductions,"Ready, Set…Cook! Pork Loin Greek Style per kg",https://www.aldi.com.au/fileadmin/_processed_/7/e/csm_ALN3388_REDUCTIONS_1x1_228x128_B4_17_9753d902be.jpg,https://www.aldi.com.au/en/groceries/price-reductions/reductions-detail/ps/p/ready-setcook-pork-loin-greek-style-per-kg/,$4.49
groceries,price-reductions,Has No GF Pancake Buttermilk/Original 325g,https://www.aldi.com.au/fileadmin/_processed_/e/9/csm_ALN3388_REDUCTIONS_1x1_228x128_B4_21_45673158dd.jpg,https://www.aldi.com.au/en/groceries/price-reductions/reductions-detail/ps/p/has-no-gf-pancake-buttermilkoriginal-325g/,50c
groceries,price-reductions,Frozen Fish Crumbed/Battered 1kg,https://www.aldi.com.au/fileadmin/_processed_/2/5/csm_ALN3388_REDUCTIONS_1x1_228x128_B4_22_627060393c.jpg,https://www.aldi.com.au/en/groceries/price-reductions/reductions-detail/ps/p/frozen-fish-crumbedbattered-1kg/,$5.49
groceries,price-reductions,Casa Barelli Gourmet Pasta 500g,https://www.aldi.com.au/fileadmin/_processed_/b/d/csm_ALN3388_REDUCTIONS_1x1_228x128_B4_23_794a8a61ab.jpg,https://www.aldi.com.au/en/groceries/price-reductions/reductions-detail/ps/p/casa-barelli-gourmet-pasta-500g/,50c
groceries,price-reductions,Oh So Natural Superfood Powders,https://www.aldi.com.au/fileadmin/_processed_/a/f/csm_ALN3388_REDUCTIONS_1X1_228x128_B3__5bd05da39d.jpg,https://www.aldi.com.au/en/groceries/price-reductions/reductions-detail/ps/p/oh-so-natural-superfood-powders-2021/,$12.99
groceries,price-reductions,Dentitex Interdental Pro Toothbrush,https://www.aldi.com.au/fileadmin/_processed_/a/0/csm_ALN3388_REDUCTIONS_1X1_228x128_B3_2_4e0567b974.jpg,https://www.aldi.com.au/en/groceries/price-reductions/reductions-detail/ps/p/dentitex-interdental-pro-toothbrush-2021/,$1$2.
groceries,price-reductions,Logix Dishwashing Powder,https://www.aldi.com.au/fileadmin/_processed_/c/8/csm_ALN3388_REDUCTIONS_1X1_228x128_B3_3_caae536300.jpg,https://www.aldi.com.au/en/groceries/price-reductions/reductions-detail/ps/p/logix-dishwashing-powder-2021/,4950
groceries,price-reductions,Asia Specialties Sriracha Sauce,https://www.aldi.com.au/fileadmin/_processed_/c/8/csm_ALN3388_REDUCTIONS_1X1_228x128_B3_4_053cc4af77.jpg,https://www.aldi.com.au/en/groceries/price-reductions/reductions-detail/ps/p/asia-specialties-sriracha-sauce-2021/,c$2.
groceries,price-reductions,Goldenvale Oats Sensations 12pk/420g,https://www.aldi.com.au/fileadmin/_processed_/1/4/csm_ALN3375_REDUCTIONS_1x1_228x128_35_07905354fb.jpg,https://www.aldi.com.au/en/groceries/price-reductions/reductions-detail/ps/p/goldenvale-oats-sensations-12pk420g-2/,6980
groceries,price-reductions,World Kitchen Mini Pizza Bases 12pk/700g,https://www.aldi.com.au/fileadmin/_processed_/b/2/csm_ALN3375_REDUCTIONS_1x1_228x128_36_2b70cc34bd.jpg,https://www.aldi.com.au/en/groceries/price-reductions/reductions-detail/ps/p/world-kitchen-mini-pizza-bases-12pk700g/,c$1.
groceries,price-reductions,Jindurra Station Beef Scotch Fillet Steak per kg,https://www.aldi.com.au/fileadmin/_processed_/3/8/csm_ALN3375_REDUCTIONS_1x1_228x128_33_R_f886a47b59.jpg,https://www.aldi.com.au/en/groceries/price-reductions/reductions-detail/ps/p/jindurra-station-beef-scotch-fillet-steak-per-kg-2/,4910
groceries,price-reductions,Jindurra Station Beef Porterhouse per kg,https://www.aldi.com.au/fileadmin/_processed_/2/6/csm_ALN3375_REDUCTIONS_1x1_228x128_34_R_7d404478ea.jpg,https://www.aldi.com.au/en/groceries/price-reductions/reductions-detail/ps/p/jindurra-station-beef-porterhouse-per-kg/,c$1.
groceries,price-reductions,Ocean Royale Frozen Salt & Pepper Squid 360g,https://www.aldi.com.au/fileadmin/_processed_/4/7/csm_ALN3401_REDUCTIONS_1x1_228x128_R_2747c61b61.jpg,https://www.aldi.com.au/en/groceries/price-reductions/reductions-detail/ps/p/ocean-royale-frozen-salt-pepper-squid-360g-1/,9920
groceries,price-reductions,Lodge Farms Free Range Eggs 700g,https://www.aldi.com.au/fileadmin/_processed_/9/6/csm_ALN3375_REDUCTIONS_1x1_228x128_15_519724d998.jpg,https://www.aldi.com.au/en/groceries/price-reductions/reductions-detail/ps/p/lodge-farms-free-range-eggs-700g/,c$2.
groceries,price-reductions,Just Organic Passata 690g,https://www.aldi.com.au/fileadmin/_processed_/2/d/csm_ALN3375_REDUCTIONS_1x1_228x128_27_5aea6144fa.jpg,https://www.aldi.com.au/en/groceries/price-reductions/reductions-detail/ps/p/just-organic-passata-690g-1/,4910
groceries,price-reductions,Nuttelex Original 375g,https://www.aldi.com.au/fileadmin/_processed_/0/6/csm_ALN3375_REDUCTIONS_1x1_228x128_17_2ef9c47083.jpg,https://www.aldi.com.au/en/groceries/price-reductions/reductions-detail/ps/p/nuttelex-original-375g/,c$5.
groceries,price-reductions,Natural Elements Pet Nutrition Dog Grain Free Sticks 5pk,https://www.aldi.com.au/fileadmin/_processed_/b/2/csm_ALN3375_REDUCTIONS_1x1_228x128_18_d0779493cc.jpg,https://www.aldi.com.au/en/groceries/price-reductions/reductions-detail/ps/p/natural-elements-pet-nutrition-dog-grain-free-stic/,4950
groceries,price-reductions,Grandessa Signature Jam 370g,https://www.aldi.com.au/fileadmin/_processed_/9/d/csm_ALN3375_REDUCTIONS_1x1_228x128_22_357e4cf786.jpg,https://www.aldi.com.au/en/groceries/price-reductions/reductions-detail/ps/p/grandessa-signature-jam-370g/,c$3.
groceries,price-reductions,Sweet Valley Australian Apple Slices in Juice 410g,https://www.aldi.com.au/fileadmin/_processed_/8/0/csm_ALN3375_REDUCTIONS_1x1_228x128_23_c53b694745.jpg,https://www.aldi.com.au/en/groceries/price-reductions/reductions-detail/ps/p/sweet-valley-australian-apple-slices-in-juice-410g-1/,7920
groceries,price-reductions,Inner Goodness Unsweetened Coconut Milk 1L,https://www.aldi.com.au/fileadmin/_processed_/d/6/csm_ALN3375_REDUCTIONS_1x1_228x128_24_db3717b3e1.jpg,https://www.aldi.com.au/en/groceries/price-reductions/reductions-detail/ps/p/inner-goodness-unsweetened-coconut-milk-1l-1/,c$3.
groceries,price-reductions,Forresters Baking Nuts Almond 125g,https://www.aldi.com.au/fileadmin/_processed_/b/f/csm_ALN3375_REDUCTIONS_1x1_228x128_32_f3832c364e.jpg,https://www.aldi.com.au/en/groceries/price-reductions/reductions-detail/ps/p/forresters-baking-nuts-almond-125g/,5910
