﻿web-scraper-order,web-scraper-start-url,Coffee-Machine-Link,Coffee-Machine-Link-href,Products_Link,Products_Link-href,Product-Name,Was-Proce,now-Price,Product-URL,Product-URL-href,Image-URL,Image-URL-href
"1636373483-78","https://bestbuy.com.au/breville/","COFFEE MACHINES","https://bestbuy.com.au/coffee-machines/","","https://bestbuy.com.au/delonghi-en85bmae-nespresso-essenza-mini-capsule-machine-with-aeroccino-black/","Delonghi EN85BMAE Nespresso Essenza Mini Capsule Machine with Aeroccino - Black","null","$239.00","","https://bestbuy.com.au/delonghi-en85rae-en85wae-nespresso-essenza-mini-red-white/","",""
"1636373483-68","https://bestbuy.com.au/breville/","COFFEE MACHINES","https://bestbuy.com.au/coffee-machines/","","https://bestbuy.com.au/delonghi-en85bmae-nespresso-essenza-mini-capsule-machine-with-aeroccino-black/","Delonghi EN85BMAE Nespresso Essenza Mini Capsule Machine with Aeroccino - Black","null","$239.00","","https://bestbuy.com.au/delonghi-en267bae-en267wae-citiz-milk-nespresso-machine-black-white/","",""
"1636373517-252","https://bestbuy.com.au/breville/","COFFEE MACHINES","https://bestbuy.com.au/coffee-machines/","","https://bestbuy.com.au/delonghi-en650b-nespresso-gran-lattissima-coffee-machine/","Delonghi EN650B Nespresso Gran Lattissima Coffee Machine","$699.00","$594.00","","https://bestbuy.com.au/delonghi-en510b-nespresso-lattissima-one-nespresso-machine-black/","",""
"1636373475-32","https://bestbuy.com.au/breville/","COFFEE MACHINES","https://bestbuy.com.au/coffee-machines/","","https://bestbuy.com.au/breville-bes920bks-the-dual-boiler-2200-watt-espresso-machine-black/","Breville BES920BKS the Dual Boiler™ 2200 Watt Espresso Machine - Black","$1,899.00","$1,159.00","","https://bestbuy.com.au/breville-bes870bks-the-barista-express-coffee-machine-black/","",""
"1636373483-75","https://bestbuy.com.au/breville/","COFFEE MACHINES","https://bestbuy.com.au/coffee-machines/","","https://bestbuy.com.au/delonghi-en85bmae-nespresso-essenza-mini-capsule-machine-with-aeroccino-black/","Delonghi EN85BMAE Nespresso Essenza Mini Capsule Machine with Aeroccino - Black","null","$239.00","","https://bestbuy.com.au/delonghi-en85wsolo-nespresso-essenza-mini-coffee-maker-rrp-158-99/","",""
"1636373497-157","https://bestbuy.com.au/breville/","COFFEE MACHINES","https://bestbuy.com.au/coffee-machines/","","https://bestbuy.com.au/breville-bes980btr-the-oracle-espresso-machine-black-truffle/","Breville BES980BTR the Oracle® Espresso Machine - Black Truffle","$2,999.00","$2,597.00","","https://bestbuy.com.au/breville-bes980bss-the-oracle-espresso-machine-stainless-steel/","",""
"1636373475-26","https://bestbuy.com.au/breville/","COFFEE MACHINES","https://bestbuy.com.au/coffee-machines/","","https://bestbuy.com.au/breville-bes920bks-the-dual-boiler-2200-watt-espresso-machine-black/","Breville BES920BKS the Dual Boiler™ 2200 Watt Espresso Machine - Black","$1,899.00","$1,159.00","","https://bestbuy.com.au/breville-bne500bks-nespresso-creatista-uno-espresso-coffee-machine-black-sesame-rrp-549-00/","",""
"1636373480-56","https://bestbuy.com.au/breville/","COFFEE MACHINES","https://bestbuy.com.au/coffee-machines/","","https://bestbuy.com.au/delonghi-en560b-nespresso-lattissima-touch-coffee-machine-black/","DeLonghi EN560B Nespresso Lattissima Touch Coffee Machine - Black","null","$479.00","","https://bestbuy.com.au/delonghi-en560s-nespresso-lattissima-touch-coffee-machine-sliver/","",""
"1636373508-213","https://bestbuy.com.au/breville/","COFFEE MACHINES","https://bestbuy.com.au/coffee-machines/","","https://bestbuy.com.au/delonghi-en510w-lattissima-one-compact-design-nespresso-machine-white/","DeLonghi EN510W Lattissima One Compact Design Nespresso Machine - White","$399.00","$394.00","","https://bestbuy.com.au/delonghi-en510b-nespresso-lattissima-one-nespresso-machine-black/","",""
"1636373478-48","https://bestbuy.com.au/breville/","COFFEE MACHINES","https://bestbuy.com.au/coffee-machines/","","https://bestbuy.com.au/morphy-richards-162030aus-12-cup-1-8l-1100w-filtered-coffee-maker-rose-gold/","Morphy Richards 162030AUS 12 Cup 1.8L 1100W Filtered Coffee Maker - Rose Gold","null","$109.00","","https://bestbuy.com.au/dimplex-dcpf40mbk-40cm-high-velocity-pedestal-fan-with-3-speed-settings-black/","",""
"1636373502-179","https://bestbuy.com.au/breville/","COFFEE MACHINES","https://bestbuy.com.au/coffee-machines/","","https://bestbuy.com.au/delonghi-ec785az-1300w-dedica-metallics-pump-espresso-machine-blue/","Delonghi EC785AZ 1300W Dedica Metallics Pump Espresso Machine - Blue","null","$329.00","","https://bestbuy.com.au/hisense-43a7g-43-inch-series-a7g-4k-uhd-led-lcd-smart-tv/","",""
"1636373508-221","https://bestbuy.com.au/breville/","COFFEE MACHINES","https://bestbuy.com.au/coffee-machines/","","https://bestbuy.com.au/delonghi-en510w-lattissima-one-compact-design-nespresso-machine-white/","DeLonghi EN510W Lattissima One Compact Design Nespresso Machine - White","$399.00","$394.00","","https://bestbuy.com.au/breville-bec630cro-citiz-solo-express-capsule-pod-coffee-machine/","",""
"1636373480-54","https://bestbuy.com.au/breville/","COFFEE MACHINES","https://bestbuy.com.au/coffee-machines/","","https://bestbuy.com.au/delonghi-en560b-nespresso-lattissima-touch-coffee-machine-black/","DeLonghi EN560B Nespresso Lattissima Touch Coffee Machine - Black","null","$479.00","","https://bestbuy.com.au/delonghi-en500w-nespresso-delonghi-lattissima-one-capsule-machine-white/","",""
"1636373478-38","https://bestbuy.com.au/breville/","COFFEE MACHINES","https://bestbuy.com.au/coffee-machines/","","https://bestbuy.com.au/morphy-richards-162030aus-12-cup-1-8l-1100w-filtered-coffee-maker-rose-gold/","Morphy Richards 162030AUS 12 Cup 1.8L 1100W Filtered Coffee Maker - Rose Gold","null","$109.00","","https://bestbuy.com.au/morphy-richards-102107-accents-rose-1-5l-2200w-kettle-gold-black/","",""
"1636373475-20","https://bestbuy.com.au/breville/","COFFEE MACHINES","https://bestbuy.com.au/coffee-machines/","","https://bestbuy.com.au/breville-bes920bks-the-dual-boiler-2200-watt-espresso-machine-black/","Breville BES920BKS the Dual Boiler™ 2200 Watt Espresso Machine - Black","$1,899.00","$1,159.00","","https://bestbuy.com.au/breville-bes870bks-the-barista-express-coffee-machine-black/","",""
"1636373483-70","https://bestbuy.com.au/breville/","COFFEE MACHINES","https://bestbuy.com.au/coffee-machines/","","https://bestbuy.com.au/delonghi-en85bmae-nespresso-essenza-mini-capsule-machine-with-aeroccino-black/","Delonghi EN85BMAE Nespresso Essenza Mini Capsule Machine with Aeroccino - Black","null","$239.00","","https://bestbuy.com.au/delonghi-en85rae-en85wae-nespresso-essenza-mini-red-white/","",""
"1636373480-50","https://bestbuy.com.au/breville/","COFFEE MACHINES","https://bestbuy.com.au/coffee-machines/","","https://bestbuy.com.au/delonghi-en560b-nespresso-lattissima-touch-coffee-machine-black/","DeLonghi EN560B Nespresso Lattissima Touch Coffee Machine - Black","null","$479.00","","https://bestbuy.com.au/delonghi-ecam22110b-magnifica-s-fully-automatic-coffee-machine-black/","",""
"1636373491-114","https://bestbuy.com.au/breville/","COFFEE MACHINES","https://bestbuy.com.au/coffee-machines/","","https://bestbuy.com.au/breville-bnv450sil-nespresso-vertuo-plus-deluxe-bundle-coffee-machine-sliver/","Breville BNV450SIL Nespresso Vertuo Plus Deluxe Bundle Coffee Machine - Sliver","$389.00","$299.00","","https://bestbuy.com.au/blueant-x1-rd-14w-water-resistant-portable-bluetooth-speaker-red/","",""
"1636373499-166","https://bestbuy.com.au/breville/","COFFEE MACHINES","https://bestbuy.com.au/coffee-machines/","","https://bestbuy.com.au/sunbeam-em5000k-cafe-barista-semi-automatic-coffee-machine/","Sunbeam EM5000K Café Barista Semi-Automatic Coffee Machine","null","$494.00","","https://bestbuy.com.au/breville-bes870bks-the-barista-express-coffee-machine-black/","",""
"1636373478-46","https://bestbuy.com.au/breville/","COFFEE MACHINES","https://bestbuy.com.au/coffee-machines/","","https://bestbuy.com.au/morphy-richards-162030aus-12-cup-1-8l-1100w-filtered-coffee-maker-rose-gold/","Morphy Richards 162030AUS 12 Cup 1.8L 1100W Filtered Coffee Maker - Rose Gold","null","$109.00","","https://bestbuy.com.au/anker-d4111c91-nebula-capsule-projector-red/","",""
"1636373508-211","https://bestbuy.com.au/breville/","COFFEE MACHINES","https://bestbuy.com.au/coffee-machines/","","https://bestbuy.com.au/delonghi-en510w-lattissima-one-compact-design-nespresso-machine-white/","DeLonghi EN510W Lattissima One Compact Design Nespresso Machine - White","$399.00","$394.00","","https://bestbuy.com.au/breville-bec630cro-citiz-solo-express-capsule-pod-coffee-machine/","",""
"1636373505-204","https://bestbuy.com.au/breville/","COFFEE MACHINES","https://bestbuy.com.au/coffee-machines/","","https://bestbuy.com.au/delonghi-en510b-nespresso-lattissima-one-nespresso-machine-black/","DeLonghi EN510B Nespresso Lattissima One Nespresso Machine - Black","$469.99","$389.00","","https://bestbuy.com.au/delonghi-en510w-lattissima-one-compact-design-nespresso-machine-white/","",""
"1636373514-243","https://bestbuy.com.au/breville/","COFFEE MACHINES","https://bestbuy.com.au/coffee-machines/","","https://bestbuy.com.au/delonghi-en560s-nespresso-lattissima-touch-coffee-machine-sliver/","DeLonghi EN560S Nespresso Lattissima Touch Coffee Machine - Sliver","$549.00","$479.00","","https://bestbuy.com.au/delonghi-en560b-nespresso-lattissima-touch-coffee-machine-black/","",""
"1636373505-202","https://bestbuy.com.au/breville/","COFFEE MACHINES","https://bestbuy.com.au/coffee-machines/","","https://bestbuy.com.au/delonghi-en510b-nespresso-lattissima-one-nespresso-machine-black/","DeLonghi EN510B Nespresso Lattissima One Nespresso Machine - Black","$469.99","$389.00","","https://bestbuy.com.au/delonghi-en500w-nespresso-delonghi-lattissima-one-capsule-machine-white/","",""
"1636373502-187","https://bestbuy.com.au/breville/","COFFEE MACHINES","https://bestbuy.com.au/coffee-machines/","","https://bestbuy.com.au/delonghi-ec785az-1300w-dedica-metallics-pump-espresso-machine-blue/","Delonghi EC785AZ 1300W Dedica Metallics Pump Espresso Machine - Blue","null","$329.00","","https://bestbuy.com.au/delonghi-en500w-nespresso-delonghi-lattissima-one-capsule-machine-white/","",""
"1636373483-79","https://bestbuy.com.au/breville/","COFFEE MACHINES","https://bestbuy.com.au/coffee-machines/","","https://bestbuy.com.au/delonghi-en85bmae-nespresso-essenza-mini-capsule-machine-with-aeroccino-black/","Delonghi EN85BMAE Nespresso Essenza Mini Capsule Machine with Aeroccino - Black","null","$239.00","","https://bestbuy.com.au/breville-bec250-essenza-bundle-nespresso-machine-black-white-grey-rrp-249-00/","",""
"1636373491-117","https://bestbuy.com.au/breville/","COFFEE MACHINES","https://bestbuy.com.au/coffee-machines/","","https://bestbuy.com.au/breville-bnv450sil-nespresso-vertuo-plus-deluxe-bundle-coffee-machine-sliver/","Breville BNV450SIL Nespresso Vertuo Plus Deluxe Bundle Coffee Machine - Sliver","$389.00","$299.00","","https://bestbuy.com.au/samsung-swa-9500s-2-0-2-channel-wireless-rear-soundbar-speaker-kit/","",""
"1636373480-55","https://bestbuy.com.au/breville/","COFFEE MACHINES","https://bestbuy.com.au/coffee-machines/","","https://bestbuy.com.au/delonghi-en560b-nespresso-lattissima-touch-coffee-machine-black/","DeLonghi EN560B Nespresso Lattissima Touch Coffee Machine - Black","null","$479.00","","https://bestbuy.com.au/delonghi-en510b-nespresso-lattissima-one-nespresso-machine-black/","",""
"1636373511-230","https://bestbuy.com.au/breville/","COFFEE MACHINES","https://bestbuy.com.au/coffee-machines/","","https://bestbuy.com.au/delonghi-ec9155mb-la-specialista-arte-espresso-machine-black-rrp-749-00/","Delonghi EC9155MB La Specialista Arte Espresso Machine - Black - RRP $749.00","$749.00","$674.00","","https://bestbuy.com.au/delonghi-en167b-citiz-solo-nespresso-capsule-machine-black/","",""
"1636373486-93","https://bestbuy.com.au/breville/","COFFEE MACHINES","https://bestbuy.com.au/coffee-machines/","","https://bestbuy.com.au/breville-bes870slq-the-barista-express-espresso-machine-salted-liquorice-hurry-last-2/","Breville BES870SLQ the Barista Express™ Espresso Machine - Salted Liquorice - HURRY LAST 2!","$949.95","$729.00","","https://bestbuy.com.au/breville-bes878bss-the-barista-pro-espresso-coffee-machine-stainless-steel/","",""
"1636373505-206","https://bestbuy.com.au/breville/","COFFEE MACHINES","https://bestbuy.com.au/coffee-machines/","","https://bestbuy.com.au/delonghi-en510b-nespresso-lattissima-one-nespresso-machine-black/","DeLonghi EN510B Nespresso Lattissima One Nespresso Machine - Black","$469.99","$389.00","","https://bestbuy.com.au/delonghi-en650b-nespresso-gran-lattissima-coffee-machine/","",""
"1636373480-64","https://bestbuy.com.au/breville/","COFFEE MACHINES","https://bestbuy.com.au/coffee-machines/","","https://bestbuy.com.au/delonghi-en560b-nespresso-lattissima-touch-coffee-machine-black/","DeLonghi EN560B Nespresso Lattissima Touch Coffee Machine - Black","null","$479.00","","https://bestbuy.com.au/delonghi-en500w-nespresso-delonghi-lattissima-one-capsule-machine-white/","",""
"1636373486-92","https://bestbuy.com.au/breville/","COFFEE MACHINES","https://bestbuy.com.au/coffee-machines/","","https://bestbuy.com.au/breville-bes870slq-the-barista-express-espresso-machine-salted-liquorice-hurry-last-2/","Breville BES870SLQ the Barista Express™ Espresso Machine - Salted Liquorice - HURRY LAST 2!","$949.95","$729.00","","https://bestbuy.com.au/sunbeam-em4300-mini-barista-espresso-machine-58mm-size-group-head-hurry-last-3/","",""
"1636373517-247","https://bestbuy.com.au/breville/","COFFEE MACHINES","https://bestbuy.com.au/coffee-machines/","","https://bestbuy.com.au/delonghi-en650b-nespresso-gran-lattissima-coffee-machine/","Delonghi EN650B Nespresso Gran Lattissima Coffee Machine","$699.00","$594.00","","https://bestbuy.com.au/breville-bes920bks-the-dual-boiler-2200-watt-espresso-machine-black/","",""
"1636373499-174","https://bestbuy.com.au/breville/","COFFEE MACHINES","https://bestbuy.com.au/coffee-machines/","","https://bestbuy.com.au/sunbeam-em5000k-cafe-barista-semi-automatic-coffee-machine/","Sunbeam EM5000K Café Barista Semi-Automatic Coffee Machine","null","$494.00","","https://bestbuy.com.au/eufy-robovac-11s-super-slim-robot-vacuum-with-boost-iq-technology/","",""
"1636373497-150","https://bestbuy.com.au/breville/","COFFEE MACHINES","https://bestbuy.com.au/coffee-machines/","","https://bestbuy.com.au/breville-bes980btr-the-oracle-espresso-machine-black-truffle/","Breville BES980BTR the Oracle® Espresso Machine - Black Truffle","$2,999.00","$2,597.00","","https://bestbuy.com.au/breville-bes878btr-the-barista-pro-espresso-coffee-machine-black-truffle/","",""
"1636373517-257","https://bestbuy.com.au/breville/","COFFEE MACHINES","https://bestbuy.com.au/coffee-machines/","","https://bestbuy.com.au/delonghi-en650b-nespresso-gran-lattissima-coffee-machine/","Delonghi EN650B Nespresso Gran Lattissima Coffee Machine","$699.00","$594.00","","https://bestbuy.com.au/delonghi-en560s-nespresso-lattissima-touch-coffee-machine-sliver/","",""
"1636373497-159","https://bestbuy.com.au/breville/","COFFEE MACHINES","https://bestbuy.com.au/coffee-machines/","","https://bestbuy.com.au/breville-bes980btr-the-oracle-espresso-machine-black-truffle/","Breville BES980BTR the Oracle® Espresso Machine - Black Truffle","$2,999.00","$2,597.00","","https://bestbuy.com.au/breville-bes920bks-the-dual-boiler-2200-watt-espresso-machine-black/","",""
"1636373494-144","https://bestbuy.com.au/breville/","COFFEE MACHINES","https://bestbuy.com.au/coffee-machines/","","https://bestbuy.com.au/breville-bes980bss-the-oracle-espresso-machine-stainless-steel/","Breville BES980BSS the Oracle® Espresso Machine - Stainless Steel","$2,999.00","$2,469.00","","https://bestbuy.com.au/irobot-i3-roomba-wifi-connected-robotic-vacuum-with-automatic-dirt-disposal/","",""
"1636373478-40","https://bestbuy.com.au/breville/","COFFEE MACHINES","https://bestbuy.com.au/coffee-machines/","","https://bestbuy.com.au/morphy-richards-162030aus-12-cup-1-8l-1100w-filtered-coffee-maker-rose-gold/","Morphy Richards 162030AUS 12 Cup 1.8L 1100W Filtered Coffee Maker - Rose Gold","null","$109.00","","https://bestbuy.com.au/morphy-richards-202107-accents-rose-1880w-4-slice-toaster-gold-black/","",""
"1636373491-126","https://bestbuy.com.au/breville/","COFFEE MACHINES","https://bestbuy.com.au/coffee-machines/","","https://bestbuy.com.au/breville-bnv450sil-nespresso-vertuo-plus-deluxe-bundle-coffee-machine-sliver/","Breville BNV450SIL Nespresso Vertuo Plus Deluxe Bundle Coffee Machine - Sliver","$389.00","$299.00","","https://bestbuy.com.au/blueant-x1-rd-14w-water-resistant-portable-bluetooth-speaker-red/","",""
"1636373480-51","https://bestbuy.com.au/breville/","COFFEE MACHINES","https://bestbuy.com.au/coffee-machines/","","https://bestbuy.com.au/delonghi-en560b-nespresso-lattissima-touch-coffee-machine-black/","DeLonghi EN560B Nespresso Lattissima Touch Coffee Machine - Black","null","$479.00","","https://bestbuy.com.au/delonghi-ecam35055sb-dinamica-fully-automatic-coffee-machine-silver/","",""
"1636373508-210","https://bestbuy.com.au/breville/","COFFEE MACHINES","https://bestbuy.com.au/coffee-machines/","","https://bestbuy.com.au/delonghi-en510w-lattissima-one-compact-design-nespresso-machine-white/","DeLonghi EN510W Lattissima One Compact Design Nespresso Machine - White","$399.00","$394.00","","https://bestbuy.com.au/delonghi-en510b-nespresso-lattissima-one-nespresso-machine-black/","",""
"1636373505-205","https://bestbuy.com.au/breville/","COFFEE MACHINES","https://bestbuy.com.au/coffee-machines/","","https://bestbuy.com.au/delonghi-en510b-nespresso-lattissima-one-nespresso-machine-black/","DeLonghi EN510B Nespresso Lattissima One Nespresso Machine - Black","$469.99","$389.00","","https://bestbuy.com.au/delonghi-en650b-nespresso-gran-lattissima-coffee-machine/","",""
"1636373491-116","https://bestbuy.com.au/breville/","COFFEE MACHINES","https://bestbuy.com.au/coffee-machines/","","https://bestbuy.com.au/breville-bnv450sil-nespresso-vertuo-plus-deluxe-bundle-coffee-machine-sliver/","Breville BNV450SIL Nespresso Vertuo Plus Deluxe Bundle Coffee Machine - Sliver","$389.00","$299.00","","https://bestbuy.com.au/breville-bes980bss-the-oracle-espresso-machine-stainless-steel/","",""
"1636373499-163","https://bestbuy.com.au/breville/","COFFEE MACHINES","https://bestbuy.com.au/coffee-machines/","","https://bestbuy.com.au/sunbeam-em5000k-cafe-barista-semi-automatic-coffee-machine/","Sunbeam EM5000K Café Barista Semi-Automatic Coffee Machine","null","$494.00","","https://bestbuy.com.au/electrolux-pq91-3eb-pure-q9-cordless-vacuum-cleaner-indigo-blue-rrp-649-00/","",""
"1636373508-219","https://bestbuy.com.au/breville/","COFFEE MACHINES","https://bestbuy.com.au/coffee-machines/","","https://bestbuy.com.au/delonghi-en510w-lattissima-one-compact-design-nespresso-machine-white/","DeLonghi EN510W Lattissima One Compact Design Nespresso Machine - White","$399.00","$394.00","","https://bestbuy.com.au/delonghi-en650b-nespresso-gran-lattissima-coffee-machine/","",""
"1636373494-130","https://bestbuy.com.au/breville/","COFFEE MACHINES","https://bestbuy.com.au/coffee-machines/","","https://bestbuy.com.au/breville-bes980bss-the-oracle-espresso-machine-stainless-steel/","Breville BES980BSS the Oracle® Espresso Machine - Stainless Steel","$2,999.00","$2,469.00","","https://bestbuy.com.au/breville-bep920bss-the-dynamic-duo-the-dual-boiler-smart-grinder-pro/","",""
"1636373480-58","https://bestbuy.com.au/breville/","COFFEE MACHINES","https://bestbuy.com.au/coffee-machines/","","https://bestbuy.com.au/delonghi-en560b-nespresso-lattissima-touch-coffee-machine-black/","DeLonghi EN560B Nespresso Lattissima Touch Coffee Machine - Black","null","$479.00","","https://bestbuy.com.au/delonghi-en500w-nespresso-delonghi-lattissima-one-capsule-machine-white/","",""
"1636373489-108","https://bestbuy.com.au/breville/","COFFEE MACHINES","https://bestbuy.com.au/coffee-machines/","","https://bestbuy.com.au/breville-bec660cro-nespresso-citiz-milk-espresso-machine-with-frother/","Breville BEC660CRO Nespresso CitiZ&milk Espresso Machine with Frother","$399.00","$349.00","","https://bestbuy.com.au/breville-bmf600bss-the-milk-cafe-milk-frother-rrp-169-95/","",""
"1636373499-177","https://bestbuy.com.au/breville/","COFFEE MACHINES","https://bestbuy.com.au/coffee-machines/","","https://bestbuy.com.au/sunbeam-em5000k-cafe-barista-semi-automatic-coffee-machine/","Sunbeam EM5000K Café Barista Semi-Automatic Coffee Machine","null","$494.00","","https://bestbuy.com.au/delonghi-ec785az-1300w-dedica-metallics-pump-espresso-machine-blue/","",""
"1636373483-80","https://bestbuy.com.au/breville/","COFFEE MACHINES","https://bestbuy.com.au/coffee-machines/","","https://bestbuy.com.au/delonghi-en85bmae-nespresso-essenza-mini-capsule-machine-with-aeroccino-black/","Delonghi EN85BMAE Nespresso Essenza Mini Capsule Machine with Aeroccino - Black","null","$239.00","","https://bestbuy.com.au/delonghi-en267bae-en267wae-citiz-milk-nespresso-machine-black-white/","",""
"1636373489-107","https://bestbuy.com.au/breville/","COFFEE MACHINES","https://bestbuy.com.au/coffee-machines/","","https://bestbuy.com.au/breville-bec660cro-nespresso-citiz-milk-espresso-machine-with-frother/","Breville BEC660CRO Nespresso CitiZ&milk Espresso Machine with Frother","$399.00","$349.00","","https://bestbuy.com.au/breville-bne500bks-nespresso-creatista-uno-espresso-coffee-machine-black-sesame-rrp-549-00/","",""
"1636373489-104","https://bestbuy.com.au/breville/","COFFEE MACHINES","https://bestbuy.com.au/coffee-machines/","","https://bestbuy.com.au/breville-bec660cro-nespresso-citiz-milk-espresso-machine-with-frother/","Breville BEC660CRO Nespresso CitiZ&milk Espresso Machine with Frother","$399.00","$349.00","","https://bestbuy.com.au/breville-bmf600bss-the-milk-cafe-milk-frother-rrp-169-95/","",""
"1636373491-120","https://bestbuy.com.au/breville/","COFFEE MACHINES","https://bestbuy.com.au/coffee-machines/","","https://bestbuy.com.au/breville-bnv450sil-nespresso-vertuo-plus-deluxe-bundle-coffee-machine-sliver/","Breville BNV450SIL Nespresso Vertuo Plus Deluxe Bundle Coffee Machine - Sliver","$389.00","$299.00","","https://bestbuy.com.au/breville-nespresso-bne800bss-creatista-plus-capsule-machine-stainless-steel/","",""
"1636373511-234","https://bestbuy.com.au/breville/","COFFEE MACHINES","https://bestbuy.com.au/coffee-machines/","","https://bestbuy.com.au/delonghi-ec9155mb-la-specialista-arte-espresso-machine-black-rrp-749-00/","Delonghi EC9155MB La Specialista Arte Espresso Machine - Black - RRP $749.00","$749.00","$674.00","","https://bestbuy.com.au/breville-bes870bks-the-barista-express-coffee-machine-black/","",""
"1636373475-29","https://bestbuy.com.au/breville/","COFFEE MACHINES","https://bestbuy.com.au/coffee-machines/","","https://bestbuy.com.au/breville-bes920bks-the-dual-boiler-2200-watt-espresso-machine-black/","Breville BES920BKS the Dual Boiler™ 2200 Watt Espresso Machine - Black","$1,899.00","$1,159.00","","https://bestbuy.com.au/breville-bes980bss-the-oracle-espresso-machine-stainless-steel/","",""
"1636373499-168","https://bestbuy.com.au/breville/","COFFEE MACHINES","https://bestbuy.com.au/coffee-machines/","","https://bestbuy.com.au/sunbeam-em5000k-cafe-barista-semi-automatic-coffee-machine/","Sunbeam EM5000K Café Barista Semi-Automatic Coffee Machine","null","$494.00","","https://bestbuy.com.au/sunbeam-em7000-cafe-series-2400w-espresso-machine/","",""
"1636373505-195","https://bestbuy.com.au/breville/","COFFEE MACHINES","https://bestbuy.com.au/coffee-machines/","","https://bestbuy.com.au/delonghi-en510b-nespresso-lattissima-one-nespresso-machine-black/","DeLonghi EN510B Nespresso Lattissima One Nespresso Machine - Black","$469.99","$389.00","","https://bestbuy.com.au/delonghi-ec9155mb-la-specialista-arte-espresso-machine-black-rrp-749-00/","",""
"1636373483-72","https://bestbuy.com.au/breville/","COFFEE MACHINES","https://bestbuy.com.au/coffee-machines/","","https://bestbuy.com.au/delonghi-en85bmae-nespresso-essenza-mini-capsule-machine-with-aeroccino-black/","Delonghi EN85BMAE Nespresso Essenza Mini Capsule Machine with Aeroccino - Black","null","$239.00","","https://bestbuy.com.au/delonghi-en167b-citiz-solo-nespresso-capsule-machine-black/","",""
"1636373475-31","https://bestbuy.com.au/breville/","COFFEE MACHINES","https://bestbuy.com.au/coffee-machines/","","https://bestbuy.com.au/breville-bes920bks-the-dual-boiler-2200-watt-espresso-machine-black/","Breville BES920BKS the Dual Boiler™ 2200 Watt Espresso Machine - Black","$1,899.00","$1,159.00","","https://bestbuy.com.au/breville-bep920bss-the-dynamic-duo-the-dual-boiler-smart-grinder-pro/","",""
"1636373486-83","https://bestbuy.com.au/breville/","COFFEE MACHINES","https://bestbuy.com.au/coffee-machines/","","https://bestbuy.com.au/breville-bes870slq-the-barista-express-espresso-machine-salted-liquorice-hurry-last-2/","Breville BES870SLQ the Barista Express™ Espresso Machine - Salted Liquorice - HURRY LAST 2!","$949.95","$729.00","","https://bestbuy.com.au/breville-bes870bss-the-barista-express-coffee-machine-stainless-steel/","",""
"1636373478-49","https://bestbuy.com.au/breville/","COFFEE MACHINES","https://bestbuy.com.au/coffee-machines/","","https://bestbuy.com.au/morphy-richards-162030aus-12-cup-1-8l-1100w-filtered-coffee-maker-rose-gold/","Morphy Richards 162030AUS 12 Cup 1.8L 1100W Filtered Coffee Maker - Rose Gold","null","$109.00","","https://bestbuy.com.au/sunbeam-blq5451-sleep-perfect-quilted-electric-blanket-queen-bed/","",""
"1636373475-27","https://bestbuy.com.au/breville/","COFFEE MACHINES","https://bestbuy.com.au/coffee-machines/","","https://bestbuy.com.au/breville-bes920bks-the-dual-boiler-2200-watt-espresso-machine-black/","Breville BES920BKS the Dual Boiler™ 2200 Watt Espresso Machine - Black","$1,899.00","$1,159.00","","https://bestbuy.com.au/breville-bes878btr-the-barista-pro-espresso-coffee-machine-black-truffle/","",""
"1636373517-259","https://bestbuy.com.au/breville/","COFFEE MACHINES","https://bestbuy.com.au/coffee-machines/","","https://bestbuy.com.au/delonghi-en650b-nespresso-gran-lattissima-coffee-machine/","Delonghi EN650B Nespresso Gran Lattissima Coffee Machine","$699.00","$594.00","","https://bestbuy.com.au/breville-bes920bks-the-dual-boiler-2200-watt-espresso-machine-black/","",""
"1636373497-156","https://bestbuy.com.au/breville/","COFFEE MACHINES","https://bestbuy.com.au/coffee-machines/","","https://bestbuy.com.au/breville-bes980btr-the-oracle-espresso-machine-black-truffle/","Breville BES980BTR the Oracle® Espresso Machine - Black Truffle","$2,999.00","$2,597.00","","https://bestbuy.com.au/breville-bes880bss-bes880btr-the-barista-touch-1680-watt-espresso-machine-stainless-steel-black-truffle/","",""
"1636373505-194","https://bestbuy.com.au/breville/","COFFEE MACHINES","https://bestbuy.com.au/coffee-machines/","","https://bestbuy.com.au/delonghi-en510b-nespresso-lattissima-one-nespresso-machine-black/","DeLonghi EN510B Nespresso Lattissima One Nespresso Machine - Black","$469.99","$389.00","","https://bestbuy.com.au/delonghi-en650b-nespresso-gran-lattissima-coffee-machine/","",""
"1636373489-98","https://bestbuy.com.au/breville/","COFFEE MACHINES","https://bestbuy.com.au/coffee-machines/","","https://bestbuy.com.au/breville-bec660cro-nespresso-citiz-milk-espresso-machine-with-frother/","Breville BEC660CRO Nespresso CitiZ&milk Espresso Machine with Frother","$399.00","$349.00","","https://bestbuy.com.au/delonghi-en267bae-en267wae-citiz-milk-nespresso-machine-black-white/","",""
"1636373511-227","https://bestbuy.com.au/breville/","COFFEE MACHINES","https://bestbuy.com.au/coffee-machines/","","https://bestbuy.com.au/delonghi-ec9155mb-la-specialista-arte-espresso-machine-black-rrp-749-00/","Delonghi EC9155MB La Specialista Arte Espresso Machine - Black - RRP $749.00","$749.00","$674.00","","https://bestbuy.com.au/delonghi-en267bae-en267wae-citiz-milk-nespresso-machine-black-white/","",""
"1636373494-132","https://bestbuy.com.au/breville/","COFFEE MACHINES","https://bestbuy.com.au/coffee-machines/","","https://bestbuy.com.au/breville-bes980bss-the-oracle-espresso-machine-stainless-steel/","Breville BES980BSS the Oracle® Espresso Machine - Stainless Steel","$2,999.00","$2,469.00","","https://bestbuy.com.au/irobot-i3-roomba-wifi-connected-robotic-vacuum-with-automatic-dirt-disposal/","",""
"1636373511-228","https://bestbuy.com.au/breville/","COFFEE MACHINES","https://bestbuy.com.au/coffee-machines/","","https://bestbuy.com.au/delonghi-ec9155mb-la-specialista-arte-espresso-machine-black-rrp-749-00/","Delonghi EC9155MB La Specialista Arte Espresso Machine - Black - RRP $749.00","$749.00","$674.00","","https://bestbuy.com.au/delonghi-en560b-nespresso-lattissima-touch-coffee-machine-black/","",""
"1636373497-152","https://bestbuy.com.au/breville/","COFFEE MACHINES","https://bestbuy.com.au/coffee-machines/","","https://bestbuy.com.au/breville-bes980btr-the-oracle-espresso-machine-black-truffle/","Breville BES980BTR the Oracle® Espresso Machine - Black Truffle","$2,999.00","$2,597.00","","https://bestbuy.com.au/breville-bes880bss-bes880btr-the-barista-touch-1680-watt-espresso-machine-stainless-steel-black-truffle/","",""
"1636373499-167","https://bestbuy.com.au/breville/","COFFEE MACHINES","https://bestbuy.com.au/coffee-machines/","","https://bestbuy.com.au/sunbeam-em5000k-cafe-barista-semi-automatic-coffee-machine/","Sunbeam EM5000K Café Barista Semi-Automatic Coffee Machine","null","$494.00","","https://bestbuy.com.au/sunbeam-em0180-cafe-creamy-automatic-milk-frother/","",""
"1636373497-154","https://bestbuy.com.au/breville/","COFFEE MACHINES","https://bestbuy.com.au/coffee-machines/","","https://bestbuy.com.au/breville-bes980btr-the-oracle-espresso-machine-black-truffle/","Breville BES980BTR the Oracle® Espresso Machine - Black Truffle","$2,999.00","$2,597.00","","https://bestbuy.com.au/breville-bes878btr-the-barista-pro-espresso-coffee-machine-black-truffle/","",""
"1636373480-52","https://bestbuy.com.au/breville/","COFFEE MACHINES","https://bestbuy.com.au/coffee-machines/","","https://bestbuy.com.au/delonghi-en560b-nespresso-lattissima-touch-coffee-machine-black/","DeLonghi EN560B Nespresso Lattissima Touch Coffee Machine - Black","null","$479.00","","https://bestbuy.com.au/delonghi-en500w-nespresso-delonghi-lattissima-one-capsule-machine-white/","",""
"1636373483-69","https://bestbuy.com.au/breville/","COFFEE MACHINES","https://bestbuy.com.au/coffee-machines/","","https://bestbuy.com.au/delonghi-en85bmae-nespresso-essenza-mini-capsule-machine-with-aeroccino-black/","Delonghi EN85BMAE Nespresso Essenza Mini Capsule Machine with Aeroccino - Black","null","$239.00","","https://bestbuy.com.au/breville-bec630cro-citiz-solo-express-capsule-pod-coffee-machine/","",""
"1636373511-226","https://bestbuy.com.au/breville/","COFFEE MACHINES","https://bestbuy.com.au/coffee-machines/","","https://bestbuy.com.au/delonghi-ec9155mb-la-specialista-arte-espresso-machine-black-rrp-749-00/","Delonghi EC9155MB La Specialista Arte Espresso Machine - Black - RRP $749.00","$749.00","$674.00","","https://bestbuy.com.au/delonghi-en167b-citiz-solo-nespresso-capsule-machine-black/","",""
"1636373491-122","https://bestbuy.com.au/breville/","COFFEE MACHINES","https://bestbuy.com.au/coffee-machines/","","https://bestbuy.com.au/breville-bnv450sil-nespresso-vertuo-plus-deluxe-bundle-coffee-machine-sliver/","Breville BNV450SIL Nespresso Vertuo Plus Deluxe Bundle Coffee Machine - Sliver","$389.00","$299.00","","https://bestbuy.com.au/breville-bec250-essenza-bundle-nespresso-machine-black-white-grey-rrp-249-00/","",""
"1636373497-153","https://bestbuy.com.au/breville/","COFFEE MACHINES","https://bestbuy.com.au/coffee-machines/","","https://bestbuy.com.au/breville-bes980btr-the-oracle-espresso-machine-black-truffle/","Breville BES980BTR the Oracle® Espresso Machine - Black Truffle","$2,999.00","$2,597.00","","https://bestbuy.com.au/breville-bes980bss-the-oracle-espresso-machine-stainless-steel/","",""
"1636373502-192","https://bestbuy.com.au/breville/","COFFEE MACHINES","https://bestbuy.com.au/coffee-machines/","","https://bestbuy.com.au/delonghi-ec785az-1300w-dedica-metallics-pump-espresso-machine-blue/","Delonghi EC785AZ 1300W Dedica Metallics Pump Espresso Machine - Blue","null","$329.00","","https://bestbuy.com.au/samsung-vs15t7036r5-jet-70-cordless-complete-stick-vacuum-cleaner/","",""
"1636373489-99","https://bestbuy.com.au/breville/","COFFEE MACHINES","https://bestbuy.com.au/coffee-machines/","","https://bestbuy.com.au/breville-bec660cro-nespresso-citiz-milk-espresso-machine-with-frother/","Breville BEC660CRO Nespresso CitiZ&milk Espresso Machine with Frother","$399.00","$349.00","","https://bestbuy.com.au/breville-bec250-essenza-bundle-nespresso-machine-black-white-grey-rrp-249-00/","",""
"1636373480-53","https://bestbuy.com.au/breville/","COFFEE MACHINES","https://bestbuy.com.au/coffee-machines/","","https://bestbuy.com.au/delonghi-en560b-nespresso-lattissima-touch-coffee-machine-black/","DeLonghi EN560B Nespresso Lattissima Touch Coffee Machine - Black","null","$479.00","","https://bestbuy.com.au/breville-bne800shy-nespresso-creatista-plus-smoked-hickory/","",""
"1636373478-39","https://bestbuy.com.au/breville/","COFFEE MACHINES","https://bestbuy.com.au/coffee-machines/","","https://bestbuy.com.au/morphy-richards-162030aus-12-cup-1-8l-1100w-filtered-coffee-maker-rose-gold/","Morphy Richards 162030AUS 12 Cup 1.8L 1100W Filtered Coffee Maker - Rose Gold","null","$109.00","","https://bestbuy.com.au/morphy-richards-102108-accents-rose-1-5l-2200w-kettle-gold-white/","",""
"1636373497-161","https://bestbuy.com.au/breville/","COFFEE MACHINES","https://bestbuy.com.au/coffee-machines/","","https://bestbuy.com.au/breville-bes980btr-the-oracle-espresso-machine-black-truffle/","Breville BES980BTR the Oracle® Espresso Machine - Black Truffle","$2,999.00","$2,597.00","","https://bestbuy.com.au/bfm-efbstul909chg-toledo-portable-wireless-bluetooth-speaker-charcoal-grey/","",""
"1636373514-244","https://bestbuy.com.au/breville/","COFFEE MACHINES","https://bestbuy.com.au/coffee-machines/","","https://bestbuy.com.au/delonghi-en560s-nespresso-lattissima-touch-coffee-machine-sliver/","DeLonghi EN560S Nespresso Lattissima Touch Coffee Machine - Sliver","$549.00","$479.00","","https://bestbuy.com.au/delonghi-en510b-nespresso-lattissima-one-nespresso-machine-black/","",""
"1636373483-66","https://bestbuy.com.au/breville/","COFFEE MACHINES","https://bestbuy.com.au/coffee-machines/","","https://bestbuy.com.au/delonghi-en85bmae-nespresso-essenza-mini-capsule-machine-with-aeroccino-black/","Delonghi EN85BMAE Nespresso Essenza Mini Capsule Machine with Aeroccino - Black","null","$239.00","","https://bestbuy.com.au/delonghi-en85rae-en85wae-nespresso-essenza-mini-red-white/","",""
"1636373508-215","https://bestbuy.com.au/breville/","COFFEE MACHINES","https://bestbuy.com.au/coffee-machines/","","https://bestbuy.com.au/delonghi-en510w-lattissima-one-compact-design-nespresso-machine-white/","DeLonghi EN510W Lattissima One Compact Design Nespresso Machine - White","$399.00","$394.00","","https://bestbuy.com.au/delonghi-en650b-nespresso-gran-lattissima-coffee-machine/","",""
"1636373517-258","https://bestbuy.com.au/breville/","COFFEE MACHINES","https://bestbuy.com.au/coffee-machines/","","https://bestbuy.com.au/delonghi-en650b-nespresso-gran-lattissima-coffee-machine/","Delonghi EN650B Nespresso Gran Lattissima Coffee Machine","$699.00","$594.00","","https://bestbuy.com.au/delonghi-en510b-nespresso-lattissima-one-nespresso-machine-black/","",""
"1636373491-121","https://bestbuy.com.au/breville/","COFFEE MACHINES","https://bestbuy.com.au/coffee-machines/","","https://bestbuy.com.au/breville-bnv450sil-nespresso-vertuo-plus-deluxe-bundle-coffee-machine-sliver/","Breville BNV450SIL Nespresso Vertuo Plus Deluxe Bundle Coffee Machine - Sliver","$389.00","$299.00","","https://bestbuy.com.au/breville-bne800shy-nespresso-creatista-plus-smoked-hickory/","",""
"1636373486-89","https://bestbuy.com.au/breville/","COFFEE MACHINES","https://bestbuy.com.au/coffee-machines/","","https://bestbuy.com.au/breville-bes870slq-the-barista-express-espresso-machine-salted-liquorice-hurry-last-2/","Breville BES870SLQ the Barista Express™ Espresso Machine - Salted Liquorice - HURRY LAST 2!","$949.95","$729.00","","https://bestbuy.com.au/breville-bes878bss-the-barista-pro-espresso-coffee-machine-stainless-steel/","",""
"1636373494-134","https://bestbuy.com.au/breville/","COFFEE MACHINES","https://bestbuy.com.au/coffee-machines/","","https://bestbuy.com.au/breville-bes980bss-the-oracle-espresso-machine-stainless-steel/","Breville BES980BSS the Oracle® Espresso Machine - Stainless Steel","$2,999.00","$2,469.00","","https://bestbuy.com.au/breville-bes840bss-the-infuser-espresso-machine-stainless-steel-hurry-last-5/","",""
"1636373486-97","https://bestbuy.com.au/breville/","COFFEE MACHINES","https://bestbuy.com.au/coffee-machines/","","https://bestbuy.com.au/breville-bes870slq-the-barista-express-espresso-machine-salted-liquorice-hurry-last-2/","Breville BES870SLQ the Barista Express™ Espresso Machine - Salted Liquorice - HURRY LAST 2!","$949.95","$729.00","","https://bestbuy.com.au/breville-bcg820bss-the-smart-grinder-pro-60-setting-coffee-grinder-349-95/","",""
"1636373499-171","https://bestbuy.com.au/breville/","COFFEE MACHINES","https://bestbuy.com.au/coffee-machines/","","https://bestbuy.com.au/sunbeam-em5000k-cafe-barista-semi-automatic-coffee-machine/","Sunbeam EM5000K Café Barista Semi-Automatic Coffee Machine","null","$494.00","","https://bestbuy.com.au/sunbeam-em0180-cafe-creamy-automatic-milk-frother/","",""
"1636373517-260","https://bestbuy.com.au/breville/","COFFEE MACHINES","https://bestbuy.com.au/coffee-machines/","","https://bestbuy.com.au/delonghi-en650b-nespresso-gran-lattissima-coffee-machine/","Delonghi EN650B Nespresso Gran Lattissima Coffee Machine","$699.00","$594.00","","https://bestbuy.com.au/delonghi-ecam37095t-dinamica-plus-fully-automatic-coffee-machine/","",""
"1636373514-242","https://bestbuy.com.au/breville/","COFFEE MACHINES","https://bestbuy.com.au/coffee-machines/","","https://bestbuy.com.au/delonghi-en560s-nespresso-lattissima-touch-coffee-machine-sliver/","DeLonghi EN560S Nespresso Lattissima Touch Coffee Machine - Sliver","$549.00","$479.00","","https://bestbuy.com.au/delonghi-en500w-nespresso-delonghi-lattissima-one-capsule-machine-white/","",""
"1636373511-235","https://bestbuy.com.au/breville/","COFFEE MACHINES","https://bestbuy.com.au/coffee-machines/","","https://bestbuy.com.au/delonghi-ec9155mb-la-specialista-arte-espresso-machine-black-rrp-749-00/","Delonghi EC9155MB La Specialista Arte Espresso Machine - Black - RRP $749.00","$749.00","$674.00","","https://bestbuy.com.au/delonghi-en510b-nespresso-lattissima-one-nespresso-machine-black/","",""
"1636373483-77","https://bestbuy.com.au/breville/","COFFEE MACHINES","https://bestbuy.com.au/coffee-machines/","","https://bestbuy.com.au/delonghi-en85bmae-nespresso-essenza-mini-capsule-machine-with-aeroccino-black/","Delonghi EN85BMAE Nespresso Essenza Mini Capsule Machine with Aeroccino - Black","null","$239.00","","https://bestbuy.com.au/delonghi-en500w-nespresso-delonghi-lattissima-one-capsule-machine-white/","",""
"1636373505-207","https://bestbuy.com.au/breville/","COFFEE MACHINES","https://bestbuy.com.au/coffee-machines/","","https://bestbuy.com.au/delonghi-en510b-nespresso-lattissima-one-nespresso-machine-black/","DeLonghi EN510B Nespresso Lattissima One Nespresso Machine - Black","$469.99","$389.00","","https://bestbuy.com.au/delonghi-ec9155mb-la-specialista-arte-espresso-machine-black-rrp-749-00/","",""
"1636373486-96","https://bestbuy.com.au/breville/","COFFEE MACHINES","https://bestbuy.com.au/coffee-machines/","","https://bestbuy.com.au/breville-bes870slq-the-barista-express-espresso-machine-salted-liquorice-hurry-last-2/","Breville BES870SLQ the Barista Express™ Espresso Machine - Salted Liquorice - HURRY LAST 2!","$949.95","$729.00","","https://bestbuy.com.au/breville-bes878btr-the-barista-pro-espresso-coffee-machine-black-truffle/","",""
"1636373491-115","https://bestbuy.com.au/breville/","COFFEE MACHINES","https://bestbuy.com.au/coffee-machines/","","https://bestbuy.com.au/breville-bnv450sil-nespresso-vertuo-plus-deluxe-bundle-coffee-machine-sliver/","Breville BNV450SIL Nespresso Vertuo Plus Deluxe Bundle Coffee Machine - Sliver","$389.00","$299.00","","https://bestbuy.com.au/breville-bes980btr-the-oracle-espresso-machine-black-truffle/","",""
"1636373486-90","https://bestbuy.com.au/breville/","COFFEE MACHINES","https://bestbuy.com.au/coffee-machines/","","https://bestbuy.com.au/breville-bes870slq-the-barista-express-espresso-machine-salted-liquorice-hurry-last-2/","Breville BES870SLQ the Barista Express™ Espresso Machine - Salted Liquorice - HURRY LAST 2!","$949.95","$729.00","","https://bestbuy.com.au/breville-bes840bss-the-infuser-espresso-machine-stainless-steel-hurry-last-5/","",""
"1636373475-23","https://bestbuy.com.au/breville/","COFFEE MACHINES","https://bestbuy.com.au/coffee-machines/","","https://bestbuy.com.au/breville-bes920bks-the-dual-boiler-2200-watt-espresso-machine-black/","Breville BES920BKS the Dual Boiler™ 2200 Watt Espresso Machine - Black","$1,899.00","$1,159.00","","https://bestbuy.com.au/breville-bes878btr-the-barista-pro-espresso-coffee-machine-black-truffle/","",""
"1636373494-131","https://bestbuy.com.au/breville/","COFFEE MACHINES","https://bestbuy.com.au/coffee-machines/","","https://bestbuy.com.au/breville-bes980bss-the-oracle-espresso-machine-stainless-steel/","Breville BES980BSS the Oracle® Espresso Machine - Stainless Steel","$2,999.00","$2,469.00","","https://bestbuy.com.au/breville-bes870bss-the-barista-express-coffee-machine-stainless-steel/","",""
"1636373494-141","https://bestbuy.com.au/breville/","COFFEE MACHINES","https://bestbuy.com.au/coffee-machines/","","https://bestbuy.com.au/breville-bes980bss-the-oracle-espresso-machine-stainless-steel/","Breville BES980BSS the Oracle® Espresso Machine - Stainless Steel","$2,999.00","$2,469.00","","https://bestbuy.com.au/breville-bes990bss-bes990btr-the-oracle-touch-fully-automated-espresso-machine/","",""
"1636373505-198","https://bestbuy.com.au/breville/","COFFEE MACHINES","https://bestbuy.com.au/coffee-machines/","","https://bestbuy.com.au/delonghi-en510b-nespresso-lattissima-one-nespresso-machine-black/","DeLonghi EN510B Nespresso Lattissima One Nespresso Machine - Black","$469.99","$389.00","","https://bestbuy.com.au/delonghi-en500w-nespresso-delonghi-lattissima-one-capsule-machine-white/","",""
"1636373494-138","https://bestbuy.com.au/breville/","COFFEE MACHINES","https://bestbuy.com.au/coffee-machines/","","https://bestbuy.com.au/breville-bes980bss-the-oracle-espresso-machine-stainless-steel/","Breville BES980BSS the Oracle® Espresso Machine - Stainless Steel","$2,999.00","$2,469.00","","https://bestbuy.com.au/breville-bes840bss-the-infuser-espresso-machine-stainless-steel-hurry-last-5/","",""
"1636373517-249","https://bestbuy.com.au/breville/","COFFEE MACHINES","https://bestbuy.com.au/coffee-machines/","","https://bestbuy.com.au/delonghi-en650b-nespresso-gran-lattissima-coffee-machine/","Delonghi EN650B Nespresso Gran Lattissima Coffee Machine","$699.00","$594.00","","https://bestbuy.com.au/eufy-t2117t11-robovac-35c-super-thin-robot-vacuum-with-wi-fi/","",""
"1636373511-233","https://bestbuy.com.au/breville/","COFFEE MACHINES","https://bestbuy.com.au/coffee-machines/","","https://bestbuy.com.au/delonghi-ec9155mb-la-specialista-arte-espresso-machine-black-rrp-749-00/","Delonghi EC9155MB La Specialista Arte Espresso Machine - Black - RRP $749.00","$749.00","$674.00","","https://bestbuy.com.au/delonghi-en85bmae-nespresso-essenza-mini-capsule-machine-with-aeroccino-black/","",""
"1636373499-164","https://bestbuy.com.au/breville/","COFFEE MACHINES","https://bestbuy.com.au/coffee-machines/","","https://bestbuy.com.au/sunbeam-em5000k-cafe-barista-semi-automatic-coffee-machine/","Sunbeam EM5000K Café Barista Semi-Automatic Coffee Machine","null","$494.00","","https://bestbuy.com.au/irobot-i3-roomba-wifi-connected-robotic-vacuum-with-automatic-dirt-disposal/","",""
"1636373502-185","https://bestbuy.com.au/breville/","COFFEE MACHINES","https://bestbuy.com.au/coffee-machines/","","https://bestbuy.com.au/delonghi-ec785az-1300w-dedica-metallics-pump-espresso-machine-blue/","Delonghi EC785AZ 1300W Dedica Metallics Pump Espresso Machine - Blue","null","$329.00","","https://bestbuy.com.au/delonghi-en510b-nespresso-lattissima-one-nespresso-machine-black/","",""
"1636373475-21","https://bestbuy.com.au/breville/","COFFEE MACHINES","https://bestbuy.com.au/coffee-machines/","","https://bestbuy.com.au/breville-bes920bks-the-dual-boiler-2200-watt-espresso-machine-black/","Breville BES920BKS the Dual Boiler™ 2200 Watt Espresso Machine - Black","$1,899.00","$1,159.00","","https://bestbuy.com.au/breville-bes500bss-btr-sst-the-bambino-plus-espresso-machine-silver-black-salt/","",""
"1636373475-24","https://bestbuy.com.au/breville/","COFFEE MACHINES","https://bestbuy.com.au/coffee-machines/","","https://bestbuy.com.au/breville-bes920bks-the-dual-boiler-2200-watt-espresso-machine-black/","Breville BES920BKS the Dual Boiler™ 2200 Watt Espresso Machine - Black","$1,899.00","$1,159.00","","https://bestbuy.com.au/breville-bes880bss-bes880btr-the-barista-touch-1680-watt-espresso-machine-stainless-steel-black-truffle/","",""
"1636373514-238","https://bestbuy.com.au/breville/","COFFEE MACHINES","https://bestbuy.com.au/coffee-machines/","","https://bestbuy.com.au/delonghi-en560s-nespresso-lattissima-touch-coffee-machine-sliver/","DeLonghi EN560S Nespresso Lattissima Touch Coffee Machine - Sliver","$549.00","$479.00","","https://bestbuy.com.au/delonghi-en500w-nespresso-delonghi-lattissima-one-capsule-machine-white/","",""
"1636373499-165","https://bestbuy.com.au/breville/","COFFEE MACHINES","https://bestbuy.com.au/coffee-machines/","","https://bestbuy.com.au/sunbeam-em5000k-cafe-barista-semi-automatic-coffee-machine/","Sunbeam EM5000K Café Barista Semi-Automatic Coffee Machine","null","$494.00","","https://bestbuy.com.au/delonghi-ec785az-1300w-dedica-metallics-pump-espresso-machine-blue/","",""
"1636373486-88","https://bestbuy.com.au/breville/","COFFEE MACHINES","https://bestbuy.com.au/coffee-machines/","","https://bestbuy.com.au/breville-bes870slq-the-barista-express-espresso-machine-salted-liquorice-hurry-last-2/","Breville BES870SLQ the Barista Express™ Espresso Machine - Salted Liquorice - HURRY LAST 2!","$949.95","$729.00","","https://bestbuy.com.au/sunbeam-em4300-mini-barista-espresso-machine-58mm-size-group-head-hurry-last-3/","",""
"1636373489-101","https://bestbuy.com.au/breville/","COFFEE MACHINES","https://bestbuy.com.au/coffee-machines/","","https://bestbuy.com.au/breville-bec660cro-nespresso-citiz-milk-espresso-machine-with-frother/","Breville BEC660CRO Nespresso CitiZ&milk Espresso Machine with Frother","$399.00","$349.00","","https://bestbuy.com.au/eufy-robovac-11s-super-slim-robot-vacuum-with-boost-iq-technology/","",""
"1636373480-62","https://bestbuy.com.au/breville/","COFFEE MACHINES","https://bestbuy.com.au/coffee-machines/","","https://bestbuy.com.au/delonghi-en560b-nespresso-lattissima-touch-coffee-machine-black/","DeLonghi EN560B Nespresso Lattissima Touch Coffee Machine - Black","null","$479.00","","https://bestbuy.com.au/delonghi-ecam22110b-magnifica-s-fully-automatic-coffee-machine-black/","",""
"1636373494-145","https://bestbuy.com.au/breville/","COFFEE MACHINES","https://bestbuy.com.au/coffee-machines/","","https://bestbuy.com.au/breville-bes980bss-the-oracle-espresso-machine-stainless-steel/","Breville BES980BSS the Oracle® Espresso Machine - Stainless Steel","$2,999.00","$2,469.00","","https://bestbuy.com.au/morphy-richards-248020-illumination-4-slice-toaster-stainless-steel-black/","",""
"1636373491-118","https://bestbuy.com.au/breville/","COFFEE MACHINES","https://bestbuy.com.au/coffee-machines/","","https://bestbuy.com.au/breville-bnv450sil-nespresso-vertuo-plus-deluxe-bundle-coffee-machine-sliver/","Breville BNV450SIL Nespresso Vertuo Plus Deluxe Bundle Coffee Machine - Sliver","$389.00","$299.00","","https://bestbuy.com.au/breville-bec250-essenza-bundle-nespresso-machine-black-white-grey-rrp-249-00/","",""
"1636373486-84","https://bestbuy.com.au/breville/","COFFEE MACHINES","https://bestbuy.com.au/coffee-machines/","","https://bestbuy.com.au/breville-bes870slq-the-barista-express-espresso-machine-salted-liquorice-hurry-last-2/","Breville BES870SLQ the Barista Express™ Espresso Machine - Salted Liquorice - HURRY LAST 2!","$949.95","$729.00","","https://bestbuy.com.au/breville-bes878btr-the-barista-pro-espresso-coffee-machine-black-truffle/","",""
"1636373511-232","https://bestbuy.com.au/breville/","COFFEE MACHINES","https://bestbuy.com.au/coffee-machines/","","https://bestbuy.com.au/delonghi-ec9155mb-la-specialista-arte-espresso-machine-black-rrp-749-00/","Delonghi EC9155MB La Specialista Arte Espresso Machine - Black - RRP $749.00","$749.00","$674.00","","https://bestbuy.com.au/delonghi-en560b-nespresso-lattissima-touch-coffee-machine-black/","",""
"1636373499-172","https://bestbuy.com.au/breville/","COFFEE MACHINES","https://bestbuy.com.au/coffee-machines/","","https://bestbuy.com.au/sunbeam-em5000k-cafe-barista-semi-automatic-coffee-machine/","Sunbeam EM5000K Café Barista Semi-Automatic Coffee Machine","null","$494.00","","https://bestbuy.com.au/sunbeam-em7000-cafe-series-2400w-espresso-machine/","",""
"1636373483-74","https://bestbuy.com.au/breville/","COFFEE MACHINES","https://bestbuy.com.au/coffee-machines/","","https://bestbuy.com.au/delonghi-en85bmae-nespresso-essenza-mini-capsule-machine-with-aeroccino-black/","Delonghi EN85BMAE Nespresso Essenza Mini Capsule Machine with Aeroccino - Black","null","$239.00","","https://bestbuy.com.au/delonghi-en85rae-en85wae-nespresso-essenza-mini-red-white/","",""
"1636373505-196","https://bestbuy.com.au/breville/","COFFEE MACHINES","https://bestbuy.com.au/coffee-machines/","","https://bestbuy.com.au/delonghi-en510b-nespresso-lattissima-one-nespresso-machine-black/","DeLonghi EN510B Nespresso Lattissima One Nespresso Machine - Black","$469.99","$389.00","","https://bestbuy.com.au/delonghi-en510w-lattissima-one-compact-design-nespresso-machine-white/","",""
"1636373499-176","https://bestbuy.com.au/breville/","COFFEE MACHINES","https://bestbuy.com.au/coffee-machines/","","https://bestbuy.com.au/sunbeam-em5000k-cafe-barista-semi-automatic-coffee-machine/","Sunbeam EM5000K Café Barista Semi-Automatic Coffee Machine","null","$494.00","","https://bestbuy.com.au/irobot-i3-roomba-wifi-connected-robotic-vacuum-with-automatic-dirt-disposal/","",""
"1636373502-186","https://bestbuy.com.au/breville/","COFFEE MACHINES","https://bestbuy.com.au/coffee-machines/","","https://bestbuy.com.au/delonghi-ec785az-1300w-dedica-metallics-pump-espresso-machine-blue/","Delonghi EC785AZ 1300W Dedica Metallics Pump Espresso Machine - Blue","null","$329.00","","https://bestbuy.com.au/delonghi-en167b-citiz-solo-nespresso-capsule-machine-black/","",""
"1636373517-253","https://bestbuy.com.au/breville/","COFFEE MACHINES","https://bestbuy.com.au/coffee-machines/","","https://bestbuy.com.au/delonghi-en650b-nespresso-gran-lattissima-coffee-machine/","Delonghi EN650B Nespresso Gran Lattissima Coffee Machine","$699.00","$594.00","","https://bestbuy.com.au/delonghi-en560s-nespresso-lattissima-touch-coffee-machine-sliver/","",""
"1636373478-34","https://bestbuy.com.au/breville/","COFFEE MACHINES","https://bestbuy.com.au/coffee-machines/","","https://bestbuy.com.au/morphy-richards-162030aus-12-cup-1-8l-1100w-filtered-coffee-maker-rose-gold/","Morphy Richards 162030AUS 12 Cup 1.8L 1100W Filtered Coffee Maker - Rose Gold","null","$109.00","","https://bestbuy.com.au/anker-d4111c91-nebula-capsule-projector-red/","",""
"1636373489-113","https://bestbuy.com.au/breville/","COFFEE MACHINES","https://bestbuy.com.au/coffee-machines/","","https://bestbuy.com.au/breville-bec660cro-nespresso-citiz-milk-espresso-machine-with-frother/","Breville BEC660CRO Nespresso CitiZ&milk Espresso Machine with Frother","$399.00","$349.00","","https://bestbuy.com.au/eufy-robovac-11s-super-slim-robot-vacuum-with-boost-iq-technology/","",""
"1636373478-47","https://bestbuy.com.au/breville/","COFFEE MACHINES","https://bestbuy.com.au/coffee-machines/","","https://bestbuy.com.au/morphy-richards-162030aus-12-cup-1-8l-1100w-filtered-coffee-maker-rose-gold/","Morphy Richards 162030AUS 12 Cup 1.8L 1100W Filtered Coffee Maker - Rose Gold","null","$109.00","","https://bestbuy.com.au/sunbeam-pc7900-auto-brew-stainless-drip-filter/","",""
"1636373491-123","https://bestbuy.com.au/breville/","COFFEE MACHINES","https://bestbuy.com.au/coffee-machines/","","https://bestbuy.com.au/breville-bnv450sil-nespresso-vertuo-plus-deluxe-bundle-coffee-machine-sliver/","Breville BNV450SIL Nespresso Vertuo Plus Deluxe Bundle Coffee Machine - Sliver","$389.00","$299.00","","https://bestbuy.com.au/breville-bne500bks-nespresso-creatista-uno-espresso-coffee-machine-black-sesame-rrp-549-00/","",""
"1636373491-119","https://bestbuy.com.au/breville/","COFFEE MACHINES","https://bestbuy.com.au/coffee-machines/","","https://bestbuy.com.au/breville-bnv450sil-nespresso-vertuo-plus-deluxe-bundle-coffee-machine-sliver/","Breville BNV450SIL Nespresso Vertuo Plus Deluxe Bundle Coffee Machine - Sliver","$389.00","$299.00","","https://bestbuy.com.au/breville-bne500bks-nespresso-creatista-uno-espresso-coffee-machine-black-sesame-rrp-549-00/","",""
"1636373499-162","https://bestbuy.com.au/breville/","COFFEE MACHINES","https://bestbuy.com.au/coffee-machines/","","https://bestbuy.com.au/sunbeam-em5000k-cafe-barista-semi-automatic-coffee-machine/","Sunbeam EM5000K Café Barista Semi-Automatic Coffee Machine","null","$494.00","","https://bestbuy.com.au/eufy-robovac-11s-super-slim-robot-vacuum-with-boost-iq-technology/","",""
"1636373475-30","https://bestbuy.com.au/breville/","COFFEE MACHINES","https://bestbuy.com.au/coffee-machines/","","https://bestbuy.com.au/breville-bes920bks-the-dual-boiler-2200-watt-espresso-machine-black/","Breville BES920BKS the Dual Boiler™ 2200 Watt Espresso Machine - Black","$1,899.00","$1,159.00","","https://bestbuy.com.au/breville-bep920bks-the-dynamic-duo-the-dual-boiler-smart-grinder-pro/","",""
"1636373511-222","https://bestbuy.com.au/breville/","COFFEE MACHINES","https://bestbuy.com.au/coffee-machines/","","https://bestbuy.com.au/delonghi-ec9155mb-la-specialista-arte-espresso-machine-black-rrp-749-00/","Delonghi EC9155MB La Specialista Arte Espresso Machine - Black - RRP $749.00","$749.00","$674.00","","https://bestbuy.com.au/breville-bes870bks-the-barista-express-coffee-machine-black/","",""
"1636373517-246","https://bestbuy.com.au/breville/","COFFEE MACHINES","https://bestbuy.com.au/coffee-machines/","","https://bestbuy.com.au/delonghi-en650b-nespresso-gran-lattissima-coffee-machine/","Delonghi EN650B Nespresso Gran Lattissima Coffee Machine","$699.00","$594.00","","https://bestbuy.com.au/delonghi-en510b-nespresso-lattissima-one-nespresso-machine-black/","",""
"1636373499-170","https://bestbuy.com.au/breville/","COFFEE MACHINES","https://bestbuy.com.au/coffee-machines/","","https://bestbuy.com.au/sunbeam-em5000k-cafe-barista-semi-automatic-coffee-machine/","Sunbeam EM5000K Café Barista Semi-Automatic Coffee Machine","null","$494.00","","https://bestbuy.com.au/breville-bes870bks-the-barista-express-coffee-machine-black/","",""
"1636373478-36","https://bestbuy.com.au/breville/","COFFEE MACHINES","https://bestbuy.com.au/coffee-machines/","","https://bestbuy.com.au/morphy-richards-162030aus-12-cup-1-8l-1100w-filtered-coffee-maker-rose-gold/","Morphy Richards 162030AUS 12 Cup 1.8L 1100W Filtered Coffee Maker - Rose Gold","null","$109.00","","https://bestbuy.com.au/dimplex-dcpf40mbk-40cm-high-velocity-pedestal-fan-with-3-speed-settings-black/","",""
"1636373502-188","https://bestbuy.com.au/breville/","COFFEE MACHINES","https://bestbuy.com.au/coffee-machines/","","https://bestbuy.com.au/delonghi-ec785az-1300w-dedica-metallics-pump-espresso-machine-blue/","Delonghi EC785AZ 1300W Dedica Metallics Pump Espresso Machine - Blue","null","$329.00","","https://bestbuy.com.au/delonghi-ec785bg-1300w-dedica-metallics-pump-espresso-machine-beige/","",""
"1636373486-86","https://bestbuy.com.au/breville/","COFFEE MACHINES","https://bestbuy.com.au/coffee-machines/","","https://bestbuy.com.au/breville-bes870slq-the-barista-express-espresso-machine-salted-liquorice-hurry-last-2/","Breville BES870SLQ the Barista Express™ Espresso Machine - Salted Liquorice - HURRY LAST 2!","$949.95","$729.00","","https://bestbuy.com.au/breville-bes840bss-the-infuser-espresso-machine-stainless-steel-hurry-last-5/","",""
"1636373494-136","https://bestbuy.com.au/breville/","COFFEE MACHINES","https://bestbuy.com.au/coffee-machines/","","https://bestbuy.com.au/breville-bes980bss-the-oracle-espresso-machine-stainless-steel/","Breville BES980BSS the Oracle® Espresso Machine - Stainless Steel","$2,999.00","$2,469.00","","https://bestbuy.com.au/breville-bes878bss-the-barista-pro-espresso-coffee-machine-stainless-steel/","",""
"1636373475-33","https://bestbuy.com.au/breville/","COFFEE MACHINES","https://bestbuy.com.au/coffee-machines/","","https://bestbuy.com.au/breville-bes920bks-the-dual-boiler-2200-watt-espresso-machine-black/","Breville BES920BKS the Dual Boiler™ 2200 Watt Espresso Machine - Black","$1,899.00","$1,159.00","","https://bestbuy.com.au/breville-bes500bss-btr-sst-the-bambino-plus-espresso-machine-silver-black-salt/","",""
"1636373497-155","https://bestbuy.com.au/breville/","COFFEE MACHINES","https://bestbuy.com.au/coffee-machines/","","https://bestbuy.com.au/breville-bes980btr-the-oracle-espresso-machine-black-truffle/","Breville BES980BTR the Oracle® Espresso Machine - Black Truffle","$2,999.00","$2,597.00","","https://bestbuy.com.au/breville-bes990bss-bes990btr-the-oracle-touch-fully-automated-espresso-machine/","",""
"1636373491-127","https://bestbuy.com.au/breville/","COFFEE MACHINES","https://bestbuy.com.au/coffee-machines/","","https://bestbuy.com.au/breville-bnv450sil-nespresso-vertuo-plus-deluxe-bundle-coffee-machine-sliver/","Breville BNV450SIL Nespresso Vertuo Plus Deluxe Bundle Coffee Machine - Sliver","$389.00","$299.00","","https://bestbuy.com.au/breville-bes980btr-the-oracle-espresso-machine-black-truffle/","",""
"1636373480-63","https://bestbuy.com.au/breville/","COFFEE MACHINES","https://bestbuy.com.au/coffee-machines/","","https://bestbuy.com.au/delonghi-en560b-nespresso-lattissima-touch-coffee-machine-black/","DeLonghi EN560B Nespresso Lattissima Touch Coffee Machine - Black","null","$479.00","","https://bestbuy.com.au/delonghi-ecam35055sb-dinamica-fully-automatic-coffee-machine-silver/","",""
"1636373497-146","https://bestbuy.com.au/breville/","COFFEE MACHINES","https://bestbuy.com.au/coffee-machines/","","https://bestbuy.com.au/breville-bes980btr-the-oracle-espresso-machine-black-truffle/","Breville BES980BTR the Oracle® Espresso Machine - Black Truffle","$2,999.00","$2,597.00","","https://bestbuy.com.au/breville-bes990bss-bes990btr-the-oracle-touch-fully-automated-espresso-machine/","",""
"1636373494-140","https://bestbuy.com.au/breville/","COFFEE MACHINES","https://bestbuy.com.au/coffee-machines/","","https://bestbuy.com.au/breville-bes980bss-the-oracle-espresso-machine-stainless-steel/","Breville BES980BSS the Oracle® Espresso Machine - Stainless Steel","$2,999.00","$2,469.00","","https://bestbuy.com.au/breville-bes878bss-the-barista-pro-espresso-coffee-machine-stainless-steel/","",""
"1636373483-71","https://bestbuy.com.au/breville/","COFFEE MACHINES","https://bestbuy.com.au/coffee-machines/","","https://bestbuy.com.au/delonghi-en85bmae-nespresso-essenza-mini-capsule-machine-with-aeroccino-black/","Delonghi EN85BMAE Nespresso Essenza Mini Capsule Machine with Aeroccino - Black","null","$239.00","","https://bestbuy.com.au/delonghi-en85wsolo-nespresso-essenza-mini-coffee-maker-rrp-158-99/","",""
"1636373502-183","https://bestbuy.com.au/breville/","COFFEE MACHINES","https://bestbuy.com.au/coffee-machines/","","https://bestbuy.com.au/delonghi-ec785az-1300w-dedica-metallics-pump-espresso-machine-blue/","Delonghi EC785AZ 1300W Dedica Metallics Pump Espresso Machine - Blue","null","$329.00","","https://bestbuy.com.au/delonghi-en500w-nespresso-delonghi-lattissima-one-capsule-machine-white/","",""
"1636373480-57","https://bestbuy.com.au/breville/","COFFEE MACHINES","https://bestbuy.com.au/coffee-machines/","","https://bestbuy.com.au/delonghi-en560b-nespresso-lattissima-touch-coffee-machine-black/","DeLonghi EN560B Nespresso Lattissima Touch Coffee Machine - Black","null","$479.00","","https://bestbuy.com.au/delonghi-en650b-nespresso-gran-lattissima-coffee-machine/","",""
"1636373502-191","https://bestbuy.com.au/breville/","COFFEE MACHINES","https://bestbuy.com.au/coffee-machines/","","https://bestbuy.com.au/delonghi-ec785az-1300w-dedica-metallics-pump-espresso-machine-blue/","Delonghi EC785AZ 1300W Dedica Metallics Pump Espresso Machine - Blue","null","$329.00","","https://bestbuy.com.au/hisense-43a7g-43-inch-series-a7g-4k-uhd-led-lcd-smart-tv/","",""
"1636373502-190","https://bestbuy.com.au/breville/","COFFEE MACHINES","https://bestbuy.com.au/coffee-machines/","","https://bestbuy.com.au/delonghi-ec785az-1300w-dedica-metallics-pump-espresso-machine-blue/","Delonghi EC785AZ 1300W Dedica Metallics Pump Espresso Machine - Blue","null","$329.00","","https://bestbuy.com.au/philips-hu2716-70-series-2000-air-humidifier-and-purifier-with-nanocloud-tech/","",""
"1636373511-229","https://bestbuy.com.au/breville/","COFFEE MACHINES","https://bestbuy.com.au/coffee-machines/","","https://bestbuy.com.au/delonghi-ec9155mb-la-specialista-arte-espresso-machine-black-rrp-749-00/","Delonghi EC9155MB La Specialista Arte Espresso Machine - Black - RRP $749.00","$749.00","$674.00","","https://bestbuy.com.au/delonghi-en85bmae-nespresso-essenza-mini-capsule-machine-with-aeroccino-black/","",""
"1636373486-91","https://bestbuy.com.au/breville/","COFFEE MACHINES","https://bestbuy.com.au/coffee-machines/","","https://bestbuy.com.au/breville-bes870slq-the-barista-express-espresso-machine-salted-liquorice-hurry-last-2/","Breville BES870SLQ the Barista Express™ Espresso Machine - Salted Liquorice - HURRY LAST 2!","$949.95","$729.00","","https://bestbuy.com.au/breville-bes870bks-the-barista-express-coffee-machine-black/","",""
"1636373475-18","https://bestbuy.com.au/breville/","COFFEE MACHINES","https://bestbuy.com.au/coffee-machines/","","https://bestbuy.com.au/breville-bes920bks-the-dual-boiler-2200-watt-espresso-machine-black/","Breville BES920BKS the Dual Boiler™ 2200 Watt Espresso Machine - Black","$1,899.00","$1,159.00","","https://bestbuy.com.au/breville-bep920bks-the-dynamic-duo-the-dual-boiler-smart-grinder-pro/","",""
"1636373489-100","https://bestbuy.com.au/breville/","COFFEE MACHINES","https://bestbuy.com.au/coffee-machines/","","https://bestbuy.com.au/breville-bec660cro-nespresso-citiz-milk-espresso-machine-with-frother/","Breville BEC660CRO Nespresso CitiZ&milk Espresso Machine with Frother","$399.00","$349.00","","https://bestbuy.com.au/breville-lad200wht-the-smart-dry-dehumidifier-for-30m2-room-white/","",""
"1636373497-148","https://bestbuy.com.au/breville/","COFFEE MACHINES","https://bestbuy.com.au/coffee-machines/","","https://bestbuy.com.au/breville-bes980btr-the-oracle-espresso-machine-black-truffle/","Breville BES980BTR the Oracle® Espresso Machine - Black Truffle","$2,999.00","$2,597.00","","https://bestbuy.com.au/eufy-ak-t9140011-bodysense-12-measurement-led-smart-scale-with-bluetooth-white-black/","",""
"1636373494-142","https://bestbuy.com.au/breville/","COFFEE MACHINES","https://bestbuy.com.au/coffee-machines/","","https://bestbuy.com.au/breville-bes980bss-the-oracle-espresso-machine-stainless-steel/","Breville BES980BSS the Oracle® Espresso Machine - Stainless Steel","$2,999.00","$2,469.00","","https://bestbuy.com.au/breville-bep920bss-the-dynamic-duo-the-dual-boiler-smart-grinder-pro/","",""
"1636373508-220","https://bestbuy.com.au/breville/","COFFEE MACHINES","https://bestbuy.com.au/coffee-machines/","","https://bestbuy.com.au/delonghi-en510w-lattissima-one-compact-design-nespresso-machine-white/","DeLonghi EN510W Lattissima One Compact Design Nespresso Machine - White","$399.00","$394.00","","https://bestbuy.com.au/delonghi-en510b-nespresso-lattissima-one-nespresso-machine-black/","",""
"1636373478-37","https://bestbuy.com.au/breville/","COFFEE MACHINES","https://bestbuy.com.au/coffee-machines/","","https://bestbuy.com.au/morphy-richards-162030aus-12-cup-1-8l-1100w-filtered-coffee-maker-rose-gold/","Morphy Richards 162030AUS 12 Cup 1.8L 1100W Filtered Coffee Maker - Rose Gold","null","$109.00","","https://bestbuy.com.au/sunbeam-blq5451-sleep-perfect-quilted-electric-blanket-queen-bed/","",""
"1636373491-125","https://bestbuy.com.au/breville/","COFFEE MACHINES","https://bestbuy.com.au/coffee-machines/","","https://bestbuy.com.au/breville-bnv450sil-nespresso-vertuo-plus-deluxe-bundle-coffee-machine-sliver/","Breville BNV450SIL Nespresso Vertuo Plus Deluxe Bundle Coffee Machine - Sliver","$389.00","$299.00","","https://bestbuy.com.au/breville-bne800shy-nespresso-creatista-plus-smoked-hickory/","",""
"1636373478-42","https://bestbuy.com.au/breville/","COFFEE MACHINES","https://bestbuy.com.au/coffee-machines/","","https://bestbuy.com.au/morphy-richards-162030aus-12-cup-1-8l-1100w-filtered-coffee-maker-rose-gold/","Morphy Richards 162030AUS 12 Cup 1.8L 1100W Filtered Coffee Maker - Rose Gold","null","$109.00","","https://bestbuy.com.au/morphy-richards-102107-accents-rose-1-5l-2200w-kettle-gold-black/","",""
"1636373508-214","https://bestbuy.com.au/breville/","COFFEE MACHINES","https://bestbuy.com.au/coffee-machines/","","https://bestbuy.com.au/delonghi-en510w-lattissima-one-compact-design-nespresso-machine-white/","DeLonghi EN510W Lattissima One Compact Design Nespresso Machine - White","$399.00","$394.00","","https://bestbuy.com.au/delonghi-en560s-nespresso-lattissima-touch-coffee-machine-sliver/","",""
"1636373475-25","https://bestbuy.com.au/breville/","COFFEE MACHINES","https://bestbuy.com.au/coffee-machines/","","https://bestbuy.com.au/breville-bes920bks-the-dual-boiler-2200-watt-espresso-machine-black/","Breville BES920BKS the Dual Boiler™ 2200 Watt Espresso Machine - Black","$1,899.00","$1,159.00","","https://bestbuy.com.au/breville-bes980bss-the-oracle-espresso-machine-stainless-steel/","",""
"1636373494-133","https://bestbuy.com.au/breville/","COFFEE MACHINES","https://bestbuy.com.au/coffee-machines/","","https://bestbuy.com.au/breville-bes980bss-the-oracle-espresso-machine-stainless-steel/","Breville BES980BSS the Oracle® Espresso Machine - Stainless Steel","$2,999.00","$2,469.00","","https://bestbuy.com.au/morphy-richards-248020-illumination-4-slice-toaster-stainless-steel-black/","",""
"1636373502-178","https://bestbuy.com.au/breville/","COFFEE MACHINES","https://bestbuy.com.au/coffee-machines/","","https://bestbuy.com.au/delonghi-ec785az-1300w-dedica-metallics-pump-espresso-machine-blue/","Delonghi EC785AZ 1300W Dedica Metallics Pump Espresso Machine - Blue","null","$329.00","","https://bestbuy.com.au/philips-hu2716-70-series-2000-air-humidifier-and-purifier-with-nanocloud-tech/","",""
"1636373511-231","https://bestbuy.com.au/breville/","COFFEE MACHINES","https://bestbuy.com.au/coffee-machines/","","https://bestbuy.com.au/delonghi-ec9155mb-la-specialista-arte-espresso-machine-black-rrp-749-00/","Delonghi EC9155MB La Specialista Arte Espresso Machine - Black - RRP $749.00","$749.00","$674.00","","https://bestbuy.com.au/delonghi-en267bae-en267wae-citiz-milk-nespresso-machine-black-white/","",""
"1636373502-193","https://bestbuy.com.au/breville/","COFFEE MACHINES","https://bestbuy.com.au/coffee-machines/","","https://bestbuy.com.au/delonghi-ec785az-1300w-dedica-metallics-pump-espresso-machine-blue/","Delonghi EC785AZ 1300W Dedica Metallics Pump Espresso Machine - Blue","null","$329.00","","https://bestbuy.com.au/samsung-ua43au8000w-43-au8000-crystal-uhd-4k-smart-tv-2021/","",""
"1636373483-67","https://bestbuy.com.au/breville/","COFFEE MACHINES","https://bestbuy.com.au/coffee-machines/","","https://bestbuy.com.au/delonghi-en85bmae-nespresso-essenza-mini-capsule-machine-with-aeroccino-black/","Delonghi EN85BMAE Nespresso Essenza Mini Capsule Machine with Aeroccino - Black","null","$239.00","","https://bestbuy.com.au/breville-bec250-essenza-bundle-nespresso-machine-black-white-grey-rrp-249-00/","",""
"1636373502-184","https://bestbuy.com.au/breville/","COFFEE MACHINES","https://bestbuy.com.au/coffee-machines/","","https://bestbuy.com.au/delonghi-ec785az-1300w-dedica-metallics-pump-espresso-machine-blue/","Delonghi EC785AZ 1300W Dedica Metallics Pump Espresso Machine - Blue","null","$329.00","","https://bestbuy.com.au/delonghi-ec785bg-1300w-dedica-metallics-pump-espresso-machine-beige/","",""
"1636373508-217","https://bestbuy.com.au/breville/","COFFEE MACHINES","https://bestbuy.com.au/coffee-machines/","","https://bestbuy.com.au/delonghi-en510w-lattissima-one-compact-design-nespresso-machine-white/","DeLonghi EN510W Lattissima One Compact Design Nespresso Machine - White","$399.00","$394.00","","https://bestbuy.com.au/delonghi-en510b-nespresso-lattissima-one-nespresso-machine-black/","",""
"1636373508-216","https://bestbuy.com.au/breville/","COFFEE MACHINES","https://bestbuy.com.au/coffee-machines/","","https://bestbuy.com.au/delonghi-en510w-lattissima-one-compact-design-nespresso-machine-white/","DeLonghi EN510W Lattissima One Compact Design Nespresso Machine - White","$399.00","$394.00","","https://bestbuy.com.au/delonghi-en500w-nespresso-delonghi-lattissima-one-capsule-machine-white/","",""
"1636373508-218","https://bestbuy.com.au/breville/","COFFEE MACHINES","https://bestbuy.com.au/coffee-machines/","","https://bestbuy.com.au/delonghi-en510w-lattissima-one-compact-design-nespresso-machine-white/","DeLonghi EN510W Lattissima One Compact Design Nespresso Machine - White","$399.00","$394.00","","https://bestbuy.com.au/delonghi-en560s-nespresso-lattissima-touch-coffee-machine-sliver/","",""
"1636373517-256","https://bestbuy.com.au/breville/","COFFEE MACHINES","https://bestbuy.com.au/coffee-machines/","","https://bestbuy.com.au/delonghi-en650b-nespresso-gran-lattissima-coffee-machine/","Delonghi EN650B Nespresso Gran Lattissima Coffee Machine","$699.00","$594.00","","https://bestbuy.com.au/delonghi-en510b-nespresso-lattissima-one-nespresso-machine-black/","",""
"1636373489-103","https://bestbuy.com.au/breville/","COFFEE MACHINES","https://bestbuy.com.au/coffee-machines/","","https://bestbuy.com.au/breville-bec660cro-nespresso-citiz-milk-espresso-machine-with-frother/","Breville BEC660CRO Nespresso CitiZ&milk Espresso Machine with Frother","$399.00","$349.00","","https://bestbuy.com.au/breville-bne500bks-nespresso-creatista-uno-espresso-coffee-machine-black-sesame-rrp-549-00/","",""
"1636373497-158","https://bestbuy.com.au/breville/","COFFEE MACHINES","https://bestbuy.com.au/coffee-machines/","","https://bestbuy.com.au/breville-bes980btr-the-oracle-espresso-machine-black-truffle/","Breville BES980BTR the Oracle® Espresso Machine - Black Truffle","$2,999.00","$2,597.00","","https://bestbuy.com.au/breville-bes990bss-bes990btr-the-oracle-touch-fully-automated-espresso-machine/","",""
"1636373517-261","https://bestbuy.com.au/breville/","COFFEE MACHINES","https://bestbuy.com.au/coffee-machines/","","https://bestbuy.com.au/delonghi-en650b-nespresso-gran-lattissima-coffee-machine/","Delonghi EN650B Nespresso Gran Lattissima Coffee Machine","$699.00","$594.00","","https://bestbuy.com.au/eufy-t2117t11-robovac-35c-super-thin-robot-vacuum-with-wi-fi/","",""
"1636373499-169","https://bestbuy.com.au/breville/","COFFEE MACHINES","https://bestbuy.com.au/coffee-machines/","","https://bestbuy.com.au/sunbeam-em5000k-cafe-barista-semi-automatic-coffee-machine/","Sunbeam EM5000K Café Barista Semi-Automatic Coffee Machine","null","$494.00","","https://bestbuy.com.au/sunbeam-em5000-cafe-barista-manual-coffee-automated-milk-machine/","",""
"1636373517-251","https://bestbuy.com.au/breville/","COFFEE MACHINES","https://bestbuy.com.au/coffee-machines/","","https://bestbuy.com.au/delonghi-en650b-nespresso-gran-lattissima-coffee-machine/","Delonghi EN650B Nespresso Gran Lattissima Coffee Machine","$699.00","$594.00","","https://bestbuy.com.au/delonghi-en560b-nespresso-lattissima-touch-coffee-machine-black/","",""
"1636373486-95","https://bestbuy.com.au/breville/","COFFEE MACHINES","https://bestbuy.com.au/coffee-machines/","","https://bestbuy.com.au/breville-bes870slq-the-barista-express-espresso-machine-salted-liquorice-hurry-last-2/","Breville BES870SLQ the Barista Express™ Espresso Machine - Salted Liquorice - HURRY LAST 2!","$949.95","$729.00","","https://bestbuy.com.au/breville-bes870bss-the-barista-express-coffee-machine-stainless-steel/","",""
"1636373489-111","https://bestbuy.com.au/breville/","COFFEE MACHINES","https://bestbuy.com.au/coffee-machines/","","https://bestbuy.com.au/breville-bec660cro-nespresso-citiz-milk-espresso-machine-with-frother/","Breville BEC660CRO Nespresso CitiZ&milk Espresso Machine with Frother","$399.00","$349.00","","https://bestbuy.com.au/breville-bec250-essenza-bundle-nespresso-machine-black-white-grey-rrp-249-00/","",""
"1636373505-200","https://bestbuy.com.au/breville/","COFFEE MACHINES","https://bestbuy.com.au/coffee-machines/","","https://bestbuy.com.au/delonghi-en510b-nespresso-lattissima-one-nespresso-machine-black/","DeLonghi EN510B Nespresso Lattissima One Nespresso Machine - Black","$469.99","$389.00","","https://bestbuy.com.au/delonghi-en510w-lattissima-one-compact-design-nespresso-machine-white/","",""
"1636373502-180","https://bestbuy.com.au/breville/","COFFEE MACHINES","https://bestbuy.com.au/coffee-machines/","","https://bestbuy.com.au/delonghi-ec785az-1300w-dedica-metallics-pump-espresso-machine-blue/","Delonghi EC785AZ 1300W Dedica Metallics Pump Espresso Machine - Blue","null","$329.00","","https://bestbuy.com.au/samsung-vs15t7036r5-jet-70-cordless-complete-stick-vacuum-cleaner/","",""
"1636373483-73","https://bestbuy.com.au/breville/","COFFEE MACHINES","https://bestbuy.com.au/coffee-machines/","","https://bestbuy.com.au/delonghi-en85bmae-nespresso-essenza-mini-capsule-machine-with-aeroccino-black/","Delonghi EN85BMAE Nespresso Essenza Mini Capsule Machine with Aeroccino - Black","null","$239.00","","https://bestbuy.com.au/delonghi-en500w-nespresso-delonghi-lattissima-one-capsule-machine-white/","",""
"1636373478-41","https://bestbuy.com.au/breville/","COFFEE MACHINES","https://bestbuy.com.au/coffee-machines/","","https://bestbuy.com.au/morphy-richards-162030aus-12-cup-1-8l-1100w-filtered-coffee-maker-rose-gold/","Morphy Richards 162030AUS 12 Cup 1.8L 1100W Filtered Coffee Maker - Rose Gold","null","$109.00","","https://bestbuy.com.au/morphy-richards-202108-accents-rose-1880w-4-slice-toaster-gold-white/","",""
"1636373514-240","https://bestbuy.com.au/breville/","COFFEE MACHINES","https://bestbuy.com.au/coffee-machines/","","https://bestbuy.com.au/delonghi-en560s-nespresso-lattissima-touch-coffee-machine-sliver/","DeLonghi EN560S Nespresso Lattissima Touch Coffee Machine - Sliver","$549.00","$479.00","","https://bestbuy.com.au/delonghi-en510b-nespresso-lattissima-one-nespresso-machine-black/","",""
"1636373514-245","https://bestbuy.com.au/breville/","COFFEE MACHINES","https://bestbuy.com.au/coffee-machines/","","https://bestbuy.com.au/delonghi-en560s-nespresso-lattissima-touch-coffee-machine-sliver/","DeLonghi EN560S Nespresso Lattissima Touch Coffee Machine - Sliver","$549.00","$479.00","","https://bestbuy.com.au/delonghi-en510w-lattissima-one-compact-design-nespresso-machine-white/","",""
"1636373491-128","https://bestbuy.com.au/breville/","COFFEE MACHINES","https://bestbuy.com.au/coffee-machines/","","https://bestbuy.com.au/breville-bnv450sil-nespresso-vertuo-plus-deluxe-bundle-coffee-machine-sliver/","Breville BNV450SIL Nespresso Vertuo Plus Deluxe Bundle Coffee Machine - Sliver","$389.00","$299.00","","https://bestbuy.com.au/breville-bes980bss-the-oracle-espresso-machine-stainless-steel/","",""
"1636373491-124","https://bestbuy.com.au/breville/","COFFEE MACHINES","https://bestbuy.com.au/coffee-machines/","","https://bestbuy.com.au/breville-bnv450sil-nespresso-vertuo-plus-deluxe-bundle-coffee-machine-sliver/","Breville BNV450SIL Nespresso Vertuo Plus Deluxe Bundle Coffee Machine - Sliver","$389.00","$299.00","","https://bestbuy.com.au/breville-nespresso-bne800bss-creatista-plus-capsule-machine-stainless-steel/","",""
"1636373480-61","https://bestbuy.com.au/breville/","COFFEE MACHINES","https://bestbuy.com.au/coffee-machines/","","https://bestbuy.com.au/delonghi-en560b-nespresso-lattissima-touch-coffee-machine-black/","DeLonghi EN560B Nespresso Lattissima Touch Coffee Machine - Black","null","$479.00","","https://bestbuy.com.au/delonghi-en650b-nespresso-gran-lattissima-coffee-machine/","",""
"1636373489-102","https://bestbuy.com.au/breville/","COFFEE MACHINES","https://bestbuy.com.au/coffee-machines/","","https://bestbuy.com.au/breville-bec660cro-nespresso-citiz-milk-espresso-machine-with-frother/","Breville BEC660CRO Nespresso CitiZ&milk Espresso Machine with Frother","$399.00","$349.00","","https://bestbuy.com.au/breville-bec250-essenza-bundle-nespresso-machine-black-white-grey-rrp-249-00/","",""
"1636373514-239","https://bestbuy.com.au/breville/","COFFEE MACHINES","https://bestbuy.com.au/coffee-machines/","","https://bestbuy.com.au/delonghi-en560s-nespresso-lattissima-touch-coffee-machine-sliver/","DeLonghi EN560S Nespresso Lattissima Touch Coffee Machine - Sliver","$549.00","$479.00","","https://bestbuy.com.au/delonghi-en560b-nespresso-lattissima-touch-coffee-machine-black/","",""
"1636373505-208","https://bestbuy.com.au/breville/","COFFEE MACHINES","https://bestbuy.com.au/coffee-machines/","","https://bestbuy.com.au/delonghi-en510b-nespresso-lattissima-one-nespresso-machine-black/","DeLonghi EN510B Nespresso Lattissima One Nespresso Machine - Black","$469.99","$389.00","","https://bestbuy.com.au/delonghi-en510w-lattissima-one-compact-design-nespresso-machine-white/","",""
"1636373517-255","https://bestbuy.com.au/breville/","COFFEE MACHINES","https://bestbuy.com.au/coffee-machines/","","https://bestbuy.com.au/delonghi-en650b-nespresso-gran-lattissima-coffee-machine/","Delonghi EN650B Nespresso Gran Lattissima Coffee Machine","$699.00","$594.00","","https://bestbuy.com.au/delonghi-en560b-nespresso-lattissima-touch-coffee-machine-black/","",""
"1636373502-189","https://bestbuy.com.au/breville/","COFFEE MACHINES","https://bestbuy.com.au/coffee-machines/","","https://bestbuy.com.au/delonghi-ec785az-1300w-dedica-metallics-pump-espresso-machine-blue/","Delonghi EC785AZ 1300W Dedica Metallics Pump Espresso Machine - Blue","null","$329.00","","https://bestbuy.com.au/delonghi-en510b-nespresso-lattissima-one-nespresso-machine-black/","",""
"1636373511-223","https://bestbuy.com.au/breville/","COFFEE MACHINES","https://bestbuy.com.au/coffee-machines/","","https://bestbuy.com.au/delonghi-ec9155mb-la-specialista-arte-espresso-machine-black-rrp-749-00/","Delonghi EC9155MB La Specialista Arte Espresso Machine - Black - RRP $749.00","$749.00","$674.00","","https://bestbuy.com.au/delonghi-en510b-nespresso-lattissima-one-nespresso-machine-black/","",""
"1636373499-175","https://bestbuy.com.au/breville/","COFFEE MACHINES","https://bestbuy.com.au/coffee-machines/","","https://bestbuy.com.au/sunbeam-em5000k-cafe-barista-semi-automatic-coffee-machine/","Sunbeam EM5000K Café Barista Semi-Automatic Coffee Machine","null","$494.00","","https://bestbuy.com.au/electrolux-pq91-3eb-pure-q9-cordless-vacuum-cleaner-indigo-blue-rrp-649-00/","",""
"1636373483-76","https://bestbuy.com.au/breville/","COFFEE MACHINES","https://bestbuy.com.au/coffee-machines/","","https://bestbuy.com.au/delonghi-en85bmae-nespresso-essenza-mini-capsule-machine-with-aeroccino-black/","Delonghi EN85BMAE Nespresso Essenza Mini Capsule Machine with Aeroccino - Black","null","$239.00","","https://bestbuy.com.au/delonghi-en167b-citiz-solo-nespresso-capsule-machine-black/","",""
"1636373517-250","https://bestbuy.com.au/breville/","COFFEE MACHINES","https://bestbuy.com.au/coffee-machines/","","https://bestbuy.com.au/delonghi-en650b-nespresso-gran-lattissima-coffee-machine/","Delonghi EN650B Nespresso Gran Lattissima Coffee Machine","$699.00","$594.00","","https://bestbuy.com.au/delonghi-en500w-nespresso-delonghi-lattissima-one-capsule-machine-white/","",""
"1636373494-139","https://bestbuy.com.au/breville/","COFFEE MACHINES","https://bestbuy.com.au/coffee-machines/","","https://bestbuy.com.au/breville-bes980bss-the-oracle-espresso-machine-stainless-steel/","Breville BES980BSS the Oracle® Espresso Machine - Stainless Steel","$2,999.00","$2,469.00","","https://bestbuy.com.au/breville-nespresso-bne800bss-creatista-plus-capsule-machine-stainless-steel/","",""
"1636373511-224","https://bestbuy.com.au/breville/","COFFEE MACHINES","https://bestbuy.com.au/coffee-machines/","","https://bestbuy.com.au/delonghi-ec9155mb-la-specialista-arte-espresso-machine-black-rrp-749-00/","Delonghi EC9155MB La Specialista Arte Espresso Machine - Black - RRP $749.00","$749.00","$674.00","","https://bestbuy.com.au/delonghi-ctot4003gy-kbot2001gy-icona-metallics-toaster-kettle-grey/","",""
"1636373491-129","https://bestbuy.com.au/breville/","COFFEE MACHINES","https://bestbuy.com.au/coffee-machines/","","https://bestbuy.com.au/breville-bnv450sil-nespresso-vertuo-plus-deluxe-bundle-coffee-machine-sliver/","Breville BNV450SIL Nespresso Vertuo Plus Deluxe Bundle Coffee Machine - Sliver","$389.00","$299.00","","https://bestbuy.com.au/samsung-swa-9500s-2-0-2-channel-wireless-rear-soundbar-speaker-kit/","",""
"1636373505-197","https://bestbuy.com.au/breville/","COFFEE MACHINES","https://bestbuy.com.au/coffee-machines/","","https://bestbuy.com.au/delonghi-en510b-nespresso-lattissima-one-nespresso-machine-black/","DeLonghi EN510B Nespresso Lattissima One Nespresso Machine - Black","$469.99","$389.00","","https://bestbuy.com.au/breville-bec630cro-citiz-solo-express-capsule-pod-coffee-machine/","",""
"1636373497-151","https://bestbuy.com.au/breville/","COFFEE MACHINES","https://bestbuy.com.au/coffee-machines/","","https://bestbuy.com.au/breville-bes980btr-the-oracle-espresso-machine-black-truffle/","Breville BES980BTR the Oracle® Espresso Machine - Black Truffle","$2,999.00","$2,597.00","","https://bestbuy.com.au/breville-bes990bss-bes990btr-the-oracle-touch-fully-automated-espresso-machine/","",""
"1636373489-112","https://bestbuy.com.au/breville/","COFFEE MACHINES","https://bestbuy.com.au/coffee-machines/","","https://bestbuy.com.au/breville-bec660cro-nespresso-citiz-milk-espresso-machine-with-frother/","Breville BEC660CRO Nespresso CitiZ&milk Espresso Machine with Frother","$399.00","$349.00","","https://bestbuy.com.au/breville-lad200wht-the-smart-dry-dehumidifier-for-30m2-room-white/","",""
"1636373489-110","https://bestbuy.com.au/breville/","COFFEE MACHINES","https://bestbuy.com.au/coffee-machines/","","https://bestbuy.com.au/breville-bec660cro-nespresso-citiz-milk-espresso-machine-with-frother/","Breville BEC660CRO Nespresso CitiZ&milk Espresso Machine with Frother","$399.00","$349.00","","https://bestbuy.com.au/delonghi-en267bae-en267wae-citiz-milk-nespresso-machine-black-white/","",""
"1636373511-225","https://bestbuy.com.au/breville/","COFFEE MACHINES","https://bestbuy.com.au/coffee-machines/","","https://bestbuy.com.au/delonghi-ec9155mb-la-specialista-arte-espresso-machine-black-rrp-749-00/","Delonghi EC9155MB La Specialista Arte Espresso Machine - Black - RRP $749.00","$749.00","$674.00","","https://bestbuy.com.au/jbl-partybox-on-the-go-portable-speaker-with-2-microphones-and-built-in-lights/","",""
"1636373514-241","https://bestbuy.com.au/breville/","COFFEE MACHINES","https://bestbuy.com.au/coffee-machines/","","https://bestbuy.com.au/delonghi-en560s-nespresso-lattissima-touch-coffee-machine-sliver/","DeLonghi EN560S Nespresso Lattissima Touch Coffee Machine - Sliver","$549.00","$479.00","","https://bestbuy.com.au/delonghi-en510w-lattissima-one-compact-design-nespresso-machine-white/","",""
"1636373517-248","https://bestbuy.com.au/breville/","COFFEE MACHINES","https://bestbuy.com.au/coffee-machines/","","https://bestbuy.com.au/delonghi-en650b-nespresso-gran-lattissima-coffee-machine/","Delonghi EN650B Nespresso Gran Lattissima Coffee Machine","$699.00","$594.00","","https://bestbuy.com.au/delonghi-ecam37095t-dinamica-plus-fully-automatic-coffee-machine/","",""
"1636373486-85","https://bestbuy.com.au/breville/","COFFEE MACHINES","https://bestbuy.com.au/coffee-machines/","","https://bestbuy.com.au/breville-bes870slq-the-barista-express-espresso-machine-salted-liquorice-hurry-last-2/","Breville BES870SLQ the Barista Express™ Espresso Machine - Salted Liquorice - HURRY LAST 2!","$949.95","$729.00","","https://bestbuy.com.au/breville-bcg820bss-the-smart-grinder-pro-60-setting-coffee-grinder-349-95/","",""
"1636373480-59","https://bestbuy.com.au/breville/","COFFEE MACHINES","https://bestbuy.com.au/coffee-machines/","","https://bestbuy.com.au/delonghi-en560b-nespresso-lattissima-touch-coffee-machine-black/","DeLonghi EN560B Nespresso Lattissima Touch Coffee Machine - Black","null","$479.00","","https://bestbuy.com.au/delonghi-en510b-nespresso-lattissima-one-nespresso-machine-black/","",""
"1636373475-19","https://bestbuy.com.au/breville/","COFFEE MACHINES","https://bestbuy.com.au/coffee-machines/","","https://bestbuy.com.au/breville-bes920bks-the-dual-boiler-2200-watt-espresso-machine-black/","Breville BES920BKS the Dual Boiler™ 2200 Watt Espresso Machine - Black","$1,899.00","$1,159.00","","https://bestbuy.com.au/breville-bep920bss-the-dynamic-duo-the-dual-boiler-smart-grinder-pro/","",""
"1636373497-160","https://bestbuy.com.au/breville/","COFFEE MACHINES","https://bestbuy.com.au/coffee-machines/","","https://bestbuy.com.au/breville-bes980btr-the-oracle-espresso-machine-black-truffle/","Breville BES980BTR the Oracle® Espresso Machine - Black Truffle","$2,999.00","$2,597.00","","https://bestbuy.com.au/eufy-ak-t9140011-bodysense-12-measurement-led-smart-scale-with-bluetooth-white-black/","",""
"1636373489-105","https://bestbuy.com.au/breville/","COFFEE MACHINES","https://bestbuy.com.au/coffee-machines/","","https://bestbuy.com.au/breville-bec660cro-nespresso-citiz-milk-espresso-machine-with-frother/","Breville BEC660CRO Nespresso CitiZ&milk Espresso Machine with Frother","$399.00","$349.00","","https://bestbuy.com.au/delonghi-en167b-citiz-solo-nespresso-capsule-machine-black/","",""
"1636373497-149","https://bestbuy.com.au/breville/","COFFEE MACHINES","https://bestbuy.com.au/coffee-machines/","","https://bestbuy.com.au/breville-bes980btr-the-oracle-espresso-machine-black-truffle/","Breville BES980BTR the Oracle® Espresso Machine - Black Truffle","$2,999.00","$2,597.00","","https://bestbuy.com.au/bfm-efbstul909chg-toledo-portable-wireless-bluetooth-speaker-charcoal-grey/","",""
"1636373511-237","https://bestbuy.com.au/breville/","COFFEE MACHINES","https://bestbuy.com.au/coffee-machines/","","https://bestbuy.com.au/delonghi-ec9155mb-la-specialista-arte-espresso-machine-black-rrp-749-00/","Delonghi EC9155MB La Specialista Arte Espresso Machine - Black - RRP $749.00","$749.00","$674.00","","https://bestbuy.com.au/jbl-partybox-on-the-go-portable-speaker-with-2-microphones-and-built-in-lights/","",""
"1636373494-137","https://bestbuy.com.au/breville/","COFFEE MACHINES","https://bestbuy.com.au/coffee-machines/","","https://bestbuy.com.au/breville-bes980bss-the-oracle-espresso-machine-stainless-steel/","Breville BES980BSS the Oracle® Espresso Machine - Stainless Steel","$2,999.00","$2,469.00","","https://bestbuy.com.au/breville-bes990bss-bes990btr-the-oracle-touch-fully-automated-espresso-machine/","",""
"1636373505-201","https://bestbuy.com.au/breville/","COFFEE MACHINES","https://bestbuy.com.au/coffee-machines/","","https://bestbuy.com.au/delonghi-en510b-nespresso-lattissima-one-nespresso-machine-black/","DeLonghi EN510B Nespresso Lattissima One Nespresso Machine - Black","$469.99","$389.00","","https://bestbuy.com.au/delonghi-en650b-nespresso-gran-lattissima-coffee-machine/","",""
"1636373494-135","https://bestbuy.com.au/breville/","COFFEE MACHINES","https://bestbuy.com.au/coffee-machines/","","https://bestbuy.com.au/breville-bes980bss-the-oracle-espresso-machine-stainless-steel/","Breville BES980BSS the Oracle® Espresso Machine - Stainless Steel","$2,999.00","$2,469.00","","https://bestbuy.com.au/breville-nespresso-bne800bss-creatista-plus-capsule-machine-stainless-steel/","",""
"1636373505-209","https://bestbuy.com.au/breville/","COFFEE MACHINES","https://bestbuy.com.au/coffee-machines/","","https://bestbuy.com.au/delonghi-en510b-nespresso-lattissima-one-nespresso-machine-black/","DeLonghi EN510B Nespresso Lattissima One Nespresso Machine - Black","$469.99","$389.00","","https://bestbuy.com.au/breville-bec630cro-citiz-solo-express-capsule-pod-coffee-machine/","",""
"1636373499-173","https://bestbuy.com.au/breville/","COFFEE MACHINES","https://bestbuy.com.au/coffee-machines/","","https://bestbuy.com.au/sunbeam-em5000k-cafe-barista-semi-automatic-coffee-machine/","Sunbeam EM5000K Café Barista Semi-Automatic Coffee Machine","null","$494.00","","https://bestbuy.com.au/sunbeam-em5000-cafe-barista-manual-coffee-automated-milk-machine/","",""
"1636373502-181","https://bestbuy.com.au/breville/","COFFEE MACHINES","https://bestbuy.com.au/coffee-machines/","","https://bestbuy.com.au/delonghi-ec785az-1300w-dedica-metallics-pump-espresso-machine-blue/","Delonghi EC785AZ 1300W Dedica Metallics Pump Espresso Machine - Blue","null","$329.00","","https://bestbuy.com.au/samsung-ua43au8000w-43-au8000-crystal-uhd-4k-smart-tv-2021/","",""
"1636373475-22","https://bestbuy.com.au/breville/","COFFEE MACHINES","https://bestbuy.com.au/coffee-machines/","","https://bestbuy.com.au/breville-bes920bks-the-dual-boiler-2200-watt-espresso-machine-black/","Breville BES920BKS the Dual Boiler™ 2200 Watt Espresso Machine - Black","$1,899.00","$1,159.00","","https://bestbuy.com.au/breville-bne500bks-nespresso-creatista-uno-espresso-coffee-machine-black-sesame-rrp-549-00/","",""
"1636373489-109","https://bestbuy.com.au/breville/","COFFEE MACHINES","https://bestbuy.com.au/coffee-machines/","","https://bestbuy.com.au/breville-bec660cro-nespresso-citiz-milk-espresso-machine-with-frother/","Breville BEC660CRO Nespresso CitiZ&milk Espresso Machine with Frother","$399.00","$349.00","","https://bestbuy.com.au/delonghi-en167b-citiz-solo-nespresso-capsule-machine-black/","",""
"1636373486-82","https://bestbuy.com.au/breville/","COFFEE MACHINES","https://bestbuy.com.au/coffee-machines/","","https://bestbuy.com.au/breville-bes870slq-the-barista-express-espresso-machine-salted-liquorice-hurry-last-2/","Breville BES870SLQ the Barista Express™ Espresso Machine - Salted Liquorice - HURRY LAST 2!","$949.95","$729.00","","https://bestbuy.com.au/breville-bes870bks-the-barista-express-coffee-machine-black/","",""
"1636373475-28","https://bestbuy.com.au/breville/","COFFEE MACHINES","https://bestbuy.com.au/coffee-machines/","","https://bestbuy.com.au/breville-bes920bks-the-dual-boiler-2200-watt-espresso-machine-black/","Breville BES920BKS the Dual Boiler™ 2200 Watt Espresso Machine - Black","$1,899.00","$1,159.00","","https://bestbuy.com.au/breville-bes880bss-bes880btr-the-barista-touch-1680-watt-espresso-machine-stainless-steel-black-truffle/","",""
"1636373497-147","https://bestbuy.com.au/breville/","COFFEE MACHINES","https://bestbuy.com.au/coffee-machines/","","https://bestbuy.com.au/breville-bes980btr-the-oracle-espresso-machine-black-truffle/","Breville BES980BTR the Oracle® Espresso Machine - Black Truffle","$2,999.00","$2,597.00","","https://bestbuy.com.au/breville-bes920bks-the-dual-boiler-2200-watt-espresso-machine-black/","",""
"1636373478-44","https://bestbuy.com.au/breville/","COFFEE MACHINES","https://bestbuy.com.au/coffee-machines/","","https://bestbuy.com.au/morphy-richards-162030aus-12-cup-1-8l-1100w-filtered-coffee-maker-rose-gold/","Morphy Richards 162030AUS 12 Cup 1.8L 1100W Filtered Coffee Maker - Rose Gold","null","$109.00","","https://bestbuy.com.au/morphy-richards-202107-accents-rose-1880w-4-slice-toaster-gold-black/","",""
"1636373480-65","https://bestbuy.com.au/breville/","COFFEE MACHINES","https://bestbuy.com.au/coffee-machines/","","https://bestbuy.com.au/delonghi-en560b-nespresso-lattissima-touch-coffee-machine-black/","DeLonghi EN560B Nespresso Lattissima Touch Coffee Machine - Black","null","$479.00","","https://bestbuy.com.au/breville-bne800shy-nespresso-creatista-plus-smoked-hickory/","",""
"1636373502-182","https://bestbuy.com.au/breville/","COFFEE MACHINES","https://bestbuy.com.au/coffee-machines/","","https://bestbuy.com.au/delonghi-ec785az-1300w-dedica-metallics-pump-espresso-machine-blue/","Delonghi EC785AZ 1300W Dedica Metallics Pump Espresso Machine - Blue","null","$329.00","","https://bestbuy.com.au/delonghi-en167b-citiz-solo-nespresso-capsule-machine-black/","",""
"1636373486-94","https://bestbuy.com.au/breville/","COFFEE MACHINES","https://bestbuy.com.au/coffee-machines/","","https://bestbuy.com.au/breville-bes870slq-the-barista-express-espresso-machine-salted-liquorice-hurry-last-2/","Breville BES870SLQ the Barista Express™ Espresso Machine - Salted Liquorice - HURRY LAST 2!","$949.95","$729.00","","https://bestbuy.com.au/breville-bes870bks-the-barista-express-coffee-machine-black/","",""
"1636373494-143","https://bestbuy.com.au/breville/","COFFEE MACHINES","https://bestbuy.com.au/coffee-machines/","","https://bestbuy.com.au/breville-bes980bss-the-oracle-espresso-machine-stainless-steel/","Breville BES980BSS the Oracle® Espresso Machine - Stainless Steel","$2,999.00","$2,469.00","","https://bestbuy.com.au/breville-bes870bss-the-barista-express-coffee-machine-stainless-steel/","",""
"1636373505-199","https://bestbuy.com.au/breville/","COFFEE MACHINES","https://bestbuy.com.au/coffee-machines/","","https://bestbuy.com.au/delonghi-en510b-nespresso-lattissima-one-nespresso-machine-black/","DeLonghi EN510B Nespresso Lattissima One Nespresso Machine - Black","$469.99","$389.00","","https://bestbuy.com.au/delonghi-en560b-nespresso-lattissima-touch-coffee-machine-black/","",""
"1636373505-203","https://bestbuy.com.au/breville/","COFFEE MACHINES","https://bestbuy.com.au/coffee-machines/","","https://bestbuy.com.au/delonghi-en510b-nespresso-lattissima-one-nespresso-machine-black/","DeLonghi EN510B Nespresso Lattissima One Nespresso Machine - Black","$469.99","$389.00","","https://bestbuy.com.au/delonghi-en560b-nespresso-lattissima-touch-coffee-machine-black/","",""
"1636373478-35","https://bestbuy.com.au/breville/","COFFEE MACHINES","https://bestbuy.com.au/coffee-machines/","","https://bestbuy.com.au/morphy-richards-162030aus-12-cup-1-8l-1100w-filtered-coffee-maker-rose-gold/","Morphy Richards 162030AUS 12 Cup 1.8L 1100W Filtered Coffee Maker - Rose Gold","null","$109.00","","https://bestbuy.com.au/sunbeam-pc7900-auto-brew-stainless-drip-filter/","",""
"1636373480-60","https://bestbuy.com.au/breville/","COFFEE MACHINES","https://bestbuy.com.au/coffee-machines/","","https://bestbuy.com.au/delonghi-en560b-nespresso-lattissima-touch-coffee-machine-black/","DeLonghi EN560B Nespresso Lattissima Touch Coffee Machine - Black","null","$479.00","","https://bestbuy.com.au/delonghi-en560s-nespresso-lattissima-touch-coffee-machine-sliver/","",""
"1636373478-43","https://bestbuy.com.au/breville/","COFFEE MACHINES","https://bestbuy.com.au/coffee-machines/","","https://bestbuy.com.au/morphy-richards-162030aus-12-cup-1-8l-1100w-filtered-coffee-maker-rose-gold/","Morphy Richards 162030AUS 12 Cup 1.8L 1100W Filtered Coffee Maker - Rose Gold","null","$109.00","","https://bestbuy.com.au/morphy-richards-102108-accents-rose-1-5l-2200w-kettle-gold-white/","",""
"1636373489-106","https://bestbuy.com.au/breville/","COFFEE MACHINES","https://bestbuy.com.au/coffee-machines/","","https://bestbuy.com.au/breville-bec660cro-nespresso-citiz-milk-espresso-machine-with-frother/","Breville BEC660CRO Nespresso CitiZ&milk Espresso Machine with Frother","$399.00","$349.00","","https://bestbuy.com.au/breville-bec250-essenza-bundle-nespresso-machine-black-white-grey-rrp-249-00/","",""
"1636373486-87","https://bestbuy.com.au/breville/","COFFEE MACHINES","https://bestbuy.com.au/coffee-machines/","","https://bestbuy.com.au/breville-bes870slq-the-barista-express-espresso-machine-salted-liquorice-hurry-last-2/","Breville BES870SLQ the Barista Express™ Espresso Machine - Salted Liquorice - HURRY LAST 2!","$949.95","$729.00","","https://bestbuy.com.au/breville-bes870bks-the-barista-express-coffee-machine-black/","",""
"1636373483-81","https://bestbuy.com.au/breville/","COFFEE MACHINES","https://bestbuy.com.au/coffee-machines/","","https://bestbuy.com.au/delonghi-en85bmae-nespresso-essenza-mini-capsule-machine-with-aeroccino-black/","Delonghi EN85BMAE Nespresso Essenza Mini Capsule Machine with Aeroccino - Black","null","$239.00","","https://bestbuy.com.au/breville-bec630cro-citiz-solo-express-capsule-pod-coffee-machine/","",""
"1636373508-212","https://bestbuy.com.au/breville/","COFFEE MACHINES","https://bestbuy.com.au/coffee-machines/","","https://bestbuy.com.au/delonghi-en510w-lattissima-one-compact-design-nespresso-machine-white/","DeLonghi EN510W Lattissima One Compact Design Nespresso Machine - White","$399.00","$394.00","","https://bestbuy.com.au/delonghi-en500w-nespresso-delonghi-lattissima-one-capsule-machine-white/","",""
"1636373511-236","https://bestbuy.com.au/breville/","COFFEE MACHINES","https://bestbuy.com.au/coffee-machines/","","https://bestbuy.com.au/delonghi-ec9155mb-la-specialista-arte-espresso-machine-black-rrp-749-00/","Delonghi EC9155MB La Specialista Arte Espresso Machine - Black - RRP $749.00","$749.00","$674.00","","https://bestbuy.com.au/delonghi-ctot4003gy-kbot2001gy-icona-metallics-toaster-kettle-grey/","",""
"1636373478-45","https://bestbuy.com.au/breville/","COFFEE MACHINES","https://bestbuy.com.au/coffee-machines/","","https://bestbuy.com.au/morphy-richards-162030aus-12-cup-1-8l-1100w-filtered-coffee-maker-rose-gold/","Morphy Richards 162030AUS 12 Cup 1.8L 1100W Filtered Coffee Maker - Rose Gold","null","$109.00","","https://bestbuy.com.au/morphy-richards-202108-accents-rose-1880w-4-slice-toaster-gold-white/","",""
"1636373517-254","https://bestbuy.com.au/breville/","COFFEE MACHINES","https://bestbuy.com.au/coffee-machines/","","https://bestbuy.com.au/delonghi-en650b-nespresso-gran-lattissima-coffee-machine/","Delonghi EN650B Nespresso Gran Lattissima Coffee Machine","$699.00","$594.00","","https://bestbuy.com.au/delonghi-en500w-nespresso-delonghi-lattissima-one-capsule-machine-white/","",""
