﻿web-scraper-order,web-scraper-start-url,categories,categories-href
"1636379454-275","https://www.petersofkensington.com.au/Public/Default.aspx","Gift Cards","https://www.petersofkensington.com.au/Public/Gift-Cards.aspx"
"1636379454-274","https://www.petersofkensington.com.au/Public/Default.aspx","Stationery","https://www.petersofkensington.com.au/Public/stationery-supplies-online.aspx"
"1636379454-276","https://www.petersofkensington.com.au/Public/Default.aspx","Hampers","https://www.petersofkensington.com.au/Public/Hampers.aspx"
"1636379454-271","https://www.petersofkensington.com.au/Public/Default.aspx","Home","https://www.petersofkensington.com.au/Public/homewares-online-australia-sydney.aspx"
"1636379454-266","https://www.petersofkensington.com.au/Public/Default.aspx","Cookware & Knives","https://www.petersofkensington.com.au/Public/Cookware-Knives.aspx"
"1636379454-270","https://www.petersofkensington.com.au/Public/Default.aspx","Kids","https://www.petersofkensington.com.au/Public/baby-bedding-blankets-kids-toys-online.aspx"
"1636379454-273","https://www.petersofkensington.com.au/Public/Default.aspx","Beauty & Fashion","https://www.petersofkensington.com.au/Public/beauty-products-supplies-essentials.aspx"
"1636379454-277","https://www.petersofkensington.com.au/Public/Default.aspx","Gifts","https://www.petersofkensington.com.au/Public/Advertised-Specials.aspx"
"1636379454-269","https://www.petersofkensington.com.au/Public/Default.aspx","Tableware","https://www.petersofkensington.com.au/Public/tableware-online.aspx"
"1636379454-272","https://www.petersofkensington.com.au/Public/Default.aspx","Travel & Leisure","https://www.petersofkensington.com.au/Public/travel-essentials-goods-baggage.aspx"
"1636379454-268","https://www.petersofkensington.com.au/Public/Default.aspx","Kitchenware","https://www.petersofkensington.com.au/Public/Kitchenware.aspx"
"1636379454-267","https://www.petersofkensington.com.au/Public/Default.aspx","Electrical","https://www.petersofkensington.com.au/Public/electrical-household-appliances.aspx"
